Step,Price,ManagerIncome,NbOp,NbSh
0,0.00,0.00,0,0
1,0.00,0.00,0,0
2,1.12,0.13,7,19
3,1.24,0.35,11,36
4,1.34,0.49,9,17
5,1.47,0.65,10,15
6,1.58,0.95,12,27
7,1.66,1.26,14,22
8,1.68,1.61,14,35
9,1.75,1.77,12,25
10,1.80,2.01,14,23
11,1.95,2.20,7,17
12,1.99,2.50,11,29
13,2.03,2.92,17,36
14,2.09,3.26,11,20
15,2.03,3.64,16,25
16,2.11,3.75,9,11
17,2.22,3.91,7,9
18,2.31,4.19,11,23
19,2.23,4.51,14,29
20,2.26,4.78,10,15
21,2.23,5.00,8,17
22,2.15,5.82,15,39
23,2.16,6.00,8,16
24,2.15,6.15,10,15
25,2.22,6.29,6,18
26,2.33,6.46,11,20
27,2.40,6.66,7,10
28,2.23,6.81,9,12
29,2.22,7.11,7,17
30,2.14,7.23,10,16
31,2.05,7.62,14,46
32,1.98,7.71,6,7
33,1.92,7.78,6,10
34,1.79,8.03,9,30
35,1.68,8.36,10,27
36,1.63,8.46,8,10
37,1.60,8.89,16,34
38,1.56,9.08,11,22
39,1.45,9.18,8,13
40,1.37,9.40,13,32
41,1.32,9.66,9,30
42,1.24,9.84,9,20
43,1.17,10.04,12,38
44,1.11,10.27,11,37
45,1.01,10.39,7,19
46,0.89,10.59,9,34
47,0.84,10.96,24,76
48,0.81,11.15,15,23
49,0.75,11.32,14,31
50,0.72,11.56,16,56
51,0.70,11.65,12,23
52,0.67,11.81,14,34
53,0.63,11.86,8,17
54,0.67,12.11,12,50
55,0.65,12.25,15,39
56,0.63,12.30,9,14
57,0.66,12.36,6,9
58,0.67,12.43,9,25
59,0.71,12.47,5,16
60,0.74,12.60,10,31
61,0.73,12.65,4,14
62,0.79,12.80,6,25
63,0.88,12.83,2,4
64,0.92,12.96,3,16
65,0.92,12.96,0,0
66,0.97,12.98,3,11
67,1.03,12.98,1,1
68,1.09,13.01,3,5
69,1.10,13.02,2,3
70,1.12,13.08,4,11
71,1.12,13.08,0,0
72,1.10,13.16,3,6
73,1.10,13.16,0,0
74,1.20,13.18,1,2
75,1.20,13.18,0,0
76,1.20,13.18,0,0
77,1.29,13.30,3,19
78,1.29,13.30,0,0
79,1.29,13.30,0,0
80,1.41,13.46,3,11
81,1.41,13.46,0,0
82,1.55,13.47,1,1
83,1.55,13.47,0,0
84,1.84,13.48,1,1
85,1.84,13.48,0,0
86,1.91,13.50,1,1
87,2.09,13.52,1,1
88,2.09,13.52,0,0
89,2.30,13.55,1,2
90,2.52,13.74,5,8
91,2.52,13.74,0,0
92,2.52,13.74,0,0
93,2.52,13.74,0,0
94,2.52,13.74,0,0
95,2.48,14.02,5,10
96,2.48,14.02,0,0
97,2.48,14.02,0,0
98,2.48,14.02,0,0
99,2.48,14.02,0,0
100,2.86,14.03,1,2
101,2.86,14.03,0,0
102,2.86,14.03,0,0
103,2.86,14.03,0,0
104,2.86,14.03,0,0
105,2.86,14.03,0,0
106,2.86,14.03,0,0
107,2.86,14.03,0,0
108,2.86,14.03,0,0
109,2.86,14.03,0,0
110,2.86,14.03,0,0
111,2.86,14.03,0,0
112,2.86,14.03,0,0
113,2.86,14.03,0,0
114,3.01,14.13,5,6
115,3.27,14.18,7,13
116,3.27,14.18,0,0
117,3.27,14.18,0,0
118,3.27,14.18,0,0
119,3.27,14.18,0,0
120,3.27,14.18,0,0
121,3.27,14.18,0,0
122,3.27,14.18,0,0
123,3.27,14.18,0,0
124,3.46,14.42,7,10
125,3.46,14.42,0,0
126,3.46,14.42,0,0
127,3.46,14.42,0,0
128,3.46,14.42,0,0
129,3.46,14.42,0,0
130,3.46,14.42,0,0
131,3.46,14.42,0,0
132,3.88,14.44,1,3
133,3.88,14.44,0,0
134,4.07,14.48,1,1
135,4.08,14.63,4,4
136,4.08,14.63,0,0
137,4.70,14.67,1,1
138,4.70,14.67,0,0
139,4.70,14.67,0,0
140,4.70,14.67,0,0
141,4.70,14.67,0,0
142,4.70,14.67,0,0
143,5.02,14.69,1,1
144,5.02,14.69,0,0
145,5.02,14.69,0,0
146,5.02,14.69,0,0
147,5.02,14.69,0,0
148,5.02,14.69,0,0
149,5.02,14.69,0,0
150,5.02,14.69,0,0
151,5.02,14.69,0,0
152,5.02,14.69,0,0
153,5.02,14.69,0,0
154,5.02,14.69,0,0
155,5.02,14.69,0,0
156,5.02,14.69,0,0
157,5.02,14.69,0,0
158,5.02,14.69,0,0
159,5.02,14.69,0,0
160,5.02,14.69,0,0
161,5.02,14.69,0,0
162,5.02,14.69,0,0
163,5.02,14.69,0,0
164,5.02,14.69,0,0
165,5.02,14.69,0,0
166,5.02,14.69,0,0
167,5.02,14.69,0,0
168,5.02,14.69,0,0
169,5.02,14.69,0,0
170,5.02,14.69,0,0
171,5.16,14.81,6,6
172,5.16,14.81,0,0
173,5.16,14.81,0,0
174,5.16,14.81,0,0
175,5.16,14.81,0,0
176,5.16,14.81,0,0
177,5.16,14.81,0,0
178,5.90,14.88,2,3
179,5.90,14.88,0,0
180,5.90,14.88,0,0
181,5.90,14.88,0,0
182,5.90,14.88,0,0
183,5.90,14.88,0,0
184,5.90,14.88,0,0
185,5.90,14.88,0,0
186,5.90,14.88,0,0
187,5.90,14.88,0,0
188,5.90,14.88,0,0
189,5.90,14.88,0,0
190,5.90,14.88,0,0
191,5.90,14.88,0,0
192,5.90,14.88,0,0
193,5.90,14.88,0,0
194,5.90,14.88,0,0
195,5.90,14.88,0,0
196,5.90,14.88,0,0
197,5.90,14.88,0,0
198,5.90,14.88,0,0
199,5.90,14.88,0,0
200,5.90,14.88,0,0
201,5.90,14.88,0,0
202,5.90,14.88,0,0
203,5.90,14.88,0,0
204,5.90,14.88,0,0
205,5.90,14.88,0,0
206,5.90,14.88,0,0
207,5.90,14.88,0,0
208,5.90,14.88,0,0
209,5.90,14.88,0,0
210,5.90,14.88,0,0
211,6.33,14.91,1,1
212,6.33,14.91,0,0
213,6.33,14.91,0,0
214,6.33,14.91,0,0
215,6.33,14.91,0,0
216,6.33,14.91,0,0
217,6.33,14.91,0,0
218,6.33,14.91,0,0
219,6.33,14.91,0,0
220,6.33,14.91,0,0
221,6.33,14.91,0,0
222,6.33,14.91,0,0
223,6.33,14.91,0,0
224,6.33,14.91,0,0
225,6.33,14.91,0,0
226,6.33,14.91,0,0
227,6.33,14.91,0,0
228,6.33,14.91,0,0
229,6.33,14.91,0,0
230,6.33,14.91,0,0
231,6.33,14.91,0,0
232,6.33,14.91,0,0
233,6.33,14.91,0,0
234,6.33,14.91,0,0
235,6.33,14.91,0,0
236,6.33,14.91,0,0
237,6.33,14.91,0,0
238,6.33,14.91,0,0
239,6.33,14.91,0,0
240,6.33,14.91,0,0
241,6.33,14.91,0,0
242,6.33,14.91,0,0
243,6.33,14.91,0,0
244,6.33,14.91,0,0
245,6.33,14.91,0,0
246,6.33,14.91,0,0
247,6.33,14.91,0,0
248,6.33,14.91,0,0
249,6.33,14.91,0,0
250,6.33,14.91,0,0
251,6.33,14.91,0,0
252,6.33,14.91,0,0
253,6.33,14.91,0,0
254,6.33,14.91,0,0
255,6.33,14.91,0,0
256,6.33,14.91,0,0
257,6.33,14.91,0,0
258,6.33,14.91,0,0
259,6.33,14.91,0,0
260,6.33,14.91,0,0
261,6.33,14.91,0,0
262,6.33,14.91,0,0
263,6.33,14.91,0,0
264,6.33,14.91,0,0
265,6.33,14.91,0,0
266,6.33,14.91,0,0
267,6.33,14.91,0,0
268,6.33,14.91,0,0
269,6.33,14.91,0,0
270,6.33,14.91,0,0
271,6.33,14.91,0,0
272,6.33,14.91,0,0
273,6.33,14.91,0,0
274,6.33,14.91,0,0
275,6.33,14.91,0,0
276,6.33,14.91,0,0
277,6.33,14.91,0,0
278,6.33,14.91,0,0
279,6.33,14.91,0,0
280,6.33,14.91,0,0
281,6.33,14.91,0,0
282,6.33,14.91,0,0
283,6.33,14.91,0,0
284,6.33,14.91,0,0
285,6.33,14.91,0,0
286,6.33,14.91,0,0
287,6.33,14.91,0,0
288,6.33,14.91,0,0
289,6.33,14.91,0,0
290,6.33,14.91,0,0
291,6.33,14.91,0,0
292,6.33,14.91,0,0
293,6.33,14.91,0,0
294,6.33,14.91,0,0
295,6.33,14.91,0,0
296,6.33,14.91,0,0
297,6.33,14.91,0,0
298,6.33,14.91,0,0
299,6.33,14.91,0,0
300,6.33,14.91,0,0
301,6.33,14.91,0,0
302,6.33,14.91,0,0
303,6.33,14.91,0,0
304,6.33,14.91,0,0
305,6.33,14.91,0,0
306,6.33,14.91,0,0
307,6.33,14.91,0,0
308,6.33,14.91,0,0
309,6.33,14.91,0,0
310,6.33,14.91,0,0
311,6.33,14.91,0,0
312,6.33,14.91,0,0
313,6.33,14.91,0,0
314,6.33,14.91,0,0
315,6.33,14.91,0,0
316,6.33,14.91,0,0
317,6.33,14.91,0,0
318,6.33,14.91,0,0
319,6.33,14.91,0,0
320,6.33,14.91,0,0
321,6.33,14.91,0,0
322,6.33,14.91,0,0
323,6.33,14.91,0,0
324,6.33,14.91,0,0
325,6.33,14.91,0,0
326,6.33,14.91,0,0
327,6.33,14.91,0,0
328,6.33,14.91,0,0
329,6.33,14.91,0,0
330,6.33,14.91,0,0
331,6.33,14.91,0,0
332,6.33,14.91,0,0
333,6.33,14.91,0,0
334,6.33,14.91,0,0
335,6.33,14.91,0,0
336,6.33,14.91,0,0
337,6.33,14.91,0,0
338,6.33,14.91,0,0
339,6.33,14.91,0,0
340,6.33,14.91,0,0
341,6.33,14.91,0,0
342,6.33,14.91,0,0
343,6.33,14.91,0,0
344,6.33,14.91,0,0
345,6.33,14.91,0,0
346,6.33,14.91,0,0
347,6.33,14.91,0,0
348,6.33,14.91,0,0
349,6.33,14.91,0,0
350,6.33,14.91,0,0
351,6.33,14.91,0,0
352,6.33,14.91,0,0
353,6.33,14.91,0,0
354,6.33,14.91,0,0
355,6.33,14.91,0,0
356,6.33,14.91,0,0
357,6.33,14.91,0,0
358,6.33,14.91,0,0
359,6.33,14.91,0,0
360,6.33,14.91,0,0
361,6.33,14.91,0,0
362,6.33,14.91,0,0
363,6.33,14.91,0,0
364,6.33,14.91,0,0
365,6.33,14.91,0,0
366,6.33,14.91,0,0
367,6.33,14.91,0,0
368,6.33,14.91,0,0
369,6.33,14.91,0,0
370,6.33,14.91,0,0
371,6.33,14.91,0,0
372,6.33,14.91,0,0
373,6.33,14.91,0,0
374,6.33,14.91,0,0
375,6.33,14.91,0,0
376,6.33,14.91,0,0
377,6.33,14.91,0,0
378,6.33,14.91,0,0
379,6.33,14.91,0,0
380,6.33,14.91,0,0
381,6.33,14.91,0,0
382,6.33,14.91,0,0
383,6.33,14.91,0,0
384,6.33,14.91,0,0
385,6.33,14.91,0,0
386,6.33,14.91,0,0
387,6.33,14.91,0,0
388,6.33,14.91,0,0
389,6.33,14.91,0,0
390,6.33,14.91,0,0
391,6.33,14.91,0,0
392,6.33,14.91,0,0
393,6.33,14.91,0,0
394,6.33,14.91,0,0
395,6.33,14.91,0,0
396,6.33,14.91,0,0
397,6.33,14.91,0,0
398,6.33,14.91,0,0
399,6.33,14.91,0,0
400,6.33,14.91,0,0
401,6.33,14.91,0,0
402,6.33,14.91,0,0
403,6.33,14.91,0,0
404,6.33,14.91,0,0
405,6.33,14.91,0,0
406,6.33,14.91,0,0
407,6.33,14.91,0,0
408,6.33,14.91,0,0
409,6.33,14.91,0,0
410,6.33,14.91,0,0
411,6.33,14.91,0,0
412,6.33,14.91,0,0
413,6.33,14.91,0,0
414,6.33,14.91,0,0
415,6.33,14.91,0,0
416,6.33,14.91,0,0
417,6.33,14.91,0,0
418,6.33,14.91,0,0
419,6.33,14.91,0,0
420,6.33,14.91,0,0
421,6.33,14.91,0,0
422,6.33,14.91,0,0
423,6.33,14.91,0,0
424,6.33,14.91,0,0
425,6.33,14.91,0,0
426,6.33,14.91,0,0
427,6.33,14.91,0,0
428,6.33,14.91,0,0
429,6.33,14.91,0,0
430,6.33,14.91,0,0
431,6.33,14.91,0,0
432,6.33,14.91,0,0
433,6.33,14.91,0,0
434,6.33,14.91,0,0
435,6.33,14.91,0,0
436,6.33,14.91,0,0
437,6.33,14.91,0,0
438,6.33,14.91,0,0
439,6.33,14.91,0,0
440,6.33,14.91,0,0
441,6.33,14.91,0,0
442,6.33,14.91,0,0
443,6.33,14.91,0,0
444,6.33,14.91,0,0
445,6.33,14.91,0,0
446,6.33,14.91,0,0
447,6.33,14.91,0,0
448,6.33,14.91,0,0
449,6.33,14.91,0,0
450,6.33,14.91,0,0
451,6.33,14.91,0,0
452,6.33,14.91,0,0
453,6.33,14.91,0,0
454,6.33,14.91,0,0
455,6.33,14.91,0,0
456,6.33,14.91,0,0
457,6.33,14.91,0,0
458,6.33,14.91,0,0
459,6.33,14.91,0,0
460,6.33,14.91,0,0
461,6.33,14.91,0,0
462,6.33,14.91,0,0
463,6.33,14.91,0,0
464,6.33,14.91,0,0
465,6.33,14.91,0,0
466,6.33,14.91,0,0
467,6.33,14.91,0,0
468,6.33,14.91,0,0
469,6.33,14.91,0,0
470,6.33,14.91,0,0
471,6.33,14.91,0,0
472,6.33,14.91,0,0
473,6.33,14.91,0,0
474,6.33,14.91,0,0
475,6.33,14.91,0,0
476,6.33,14.91,0,0
477,6.33,14.91,0,0
478,6.33,14.91,0,0
479,6.33,14.91,0,0
480,6.33,14.91,0,0
481,6.33,14.91,0,0
482,6.33,14.91,0,0
483,6.33,14.91,0,0
484,6.33,14.91,0,0
485,6.33,14.91,0,0
486,6.33,14.91,0,0
487,6.33,14.91,0,0
488,6.33,14.91,0,0
489,6.33,14.91,0,0
490,6.33,14.91,0,0
491,6.33,14.91,0,0
492,6.33,14.91,0,0
493,6.33,14.91,0,0
494,6.33,14.91,0,0
495,6.33,14.91,0,0
496,6.33,14.91,0,0
497,6.33,14.91,0,0
498,6.33,14.91,0,0
499,6.33,14.91,0,0
500,6.33,14.91,0,0
501,6.33,14.91,0,0
502,6.33,14.91,0,0
503,6.33,14.91,0,0
504,6.33,14.91,0,0
505,6.33,14.91,0,0
506,6.33,14.91,0,0
507,6.33,14.91,0,0
508,6.33,14.91,0,0
509,6.33,14.91,0,0
510,6.33,14.91,0,0
511,6.33,14.91,0,0
512,6.33,14.91,0,0
513,6.33,14.91,0,0
514,6.33,14.91,0,0
515,6.33,14.91,0,0
516,6.33,14.91,0,0
517,6.33,14.91,0,0
518,6.33,14.91,0,0
519,6.33,14.91,0,0
520,6.33,14.91,0,0
521,6.33,14.91,0,0
522,6.33,14.91,0,0
523,6.33,14.91,0,0
524,6.33,14.91,0,0
525,6.33,14.91,0,0
526,6.33,14.91,0,0
527,6.33,14.91,0,0
528,6.33,14.91,0,0
529,6.33,14.91,0,0
530,6.33,14.91,0,0
531,6.33,14.91,0,0
532,6.33,14.91,0,0
533,6.33,14.91,0,0
534,6.33,14.91,0,0
535,6.33,14.91,0,0
536,6.33,14.91,0,0
537,6.33,14.91,0,0
538,6.33,14.91,0,0
539,6.33,14.91,0,0
540,6.33,14.91,0,0
541,6.33,14.91,0,0
542,6.33,14.91,0,0
543,6.33,14.91,0,0
544,6.33,14.91,0,0
545,6.33,14.91,0,0
546,6.33,14.91,0,0
547,6.33,14.91,0,0
548,6.33,14.91,0,0
549,6.33,14.91,0,0
550,6.33,14.91,0,0
551,6.33,14.91,0,0
552,6.33,14.91,0,0
553,6.33,14.91,0,0
554,6.33,14.91,0,0
555,6.33,14.91,0,0
556,6.33,14.91,0,0
557,6.33,14.91,0,0
558,6.33,14.91,0,0
559,6.33,14.91,0,0
560,6.33,14.91,0,0
561,6.33,14.91,0,0
562,6.33,14.91,0,0
563,6.33,14.91,0,0
564,6.33,14.91,0,0
565,6.33,14.91,0,0
566,6.33,14.91,0,0
567,6.33,14.91,0,0
568,6.33,14.91,0,0
569,6.33,14.91,0,0
570,6.33,14.91,0,0
571,6.33,14.91,0,0
572,6.33,14.91,0,0
573,6.33,14.91,0,0
574,6.33,14.91,0,0
575,6.33,14.91,0,0
576,6.33,14.91,0,0
577,6.33,14.91,0,0
578,6.33,14.91,0,0
579,6.33,14.91,0,0
580,6.33,14.91,0,0
581,6.33,14.91,0,0
582,6.33,14.91,0,0
583,6.33,14.91,0,0
584,6.33,14.91,0,0
585,6.33,14.91,0,0
586,6.33,14.91,0,0
587,6.33,14.91,0,0
588,6.33,14.91,0,0
589,6.33,14.91,0,0
590,6.33,14.91,0,0
591,6.33,14.91,0,0
592,6.33,14.91,0,0
593,6.33,14.91,0,0
594,6.33,14.91,0,0
595,6.33,14.91,0,0
596,6.33,14.91,0,0
597,6.33,14.91,0,0
598,6.33,14.91,0,0
599,6.33,14.91,0,0
600,6.33,14.91,0,0
601,6.33,14.91,0,0
602,6.33,14.91,0,0
603,6.33,14.91,0,0
604,6.33,14.91,0,0
605,6.33,14.91,0,0
606,6.33,14.91,0,0
607,6.33,14.91,0,0
608,6.33,14.91,0,0
609,6.33,14.91,0,0
610,6.33,14.91,0,0
611,6.33,14.91,0,0
612,6.33,14.91,0,0
613,6.33,14.91,0,0
614,6.33,14.91,0,0
615,6.33,14.91,0,0
616,6.33,14.91,0,0
617,6.33,14.91,0,0
618,6.33,14.91,0,0
619,6.33,14.91,0,0
620,6.33,14.91,0,0
621,6.33,14.91,0,0
622,6.33,14.91,0,0
623,6.33,14.91,0,0
624,6.33,14.91,0,0
625,6.33,14.91,0,0
626,6.33,14.91,0,0
627,6.33,14.91,0,0
628,6.33,14.91,0,0
629,6.33,14.91,0,0
630,6.33,14.91,0,0
631,6.33,14.91,0,0
632,6.33,14.91,0,0
633,6.33,14.91,0,0
634,6.33,14.91,0,0
635,6.33,14.91,0,0
636,6.33,14.91,0,0
637,6.33,14.91,0,0
638,6.33,14.91,0,0
639,6.33,14.91,0,0
640,6.33,14.91,0,0
641,6.33,14.91,0,0
642,6.33,14.91,0,0
643,6.33,14.91,0,0
644,6.33,14.91,0,0
645,6.33,14.91,0,0
646,6.33,14.91,0,0
647,6.33,14.91,0,0
648,6.33,14.91,0,0
649,6.33,14.91,0,0
650,6.33,14.91,0,0
651,6.33,14.91,0,0
652,6.33,14.91,0,0
653,6.33,14.91,0,0
654,6.33,14.91,0,0
655,6.33,14.91,0,0
656,6.33,14.91,0,0
657,6.33,14.91,0,0
658,6.33,14.91,0,0
659,6.33,14.91,0,0
660,6.33,14.91,0,0
661,6.33,14.91,0,0
662,6.33,14.91,0,0
663,6.33,14.91,0,0
664,6.33,14.91,0,0
665,6.33,14.91,0,0
666,6.33,14.91,0,0
667,6.33,14.91,0,0
668,6.33,14.91,0,0
669,6.33,14.91,0,0
670,6.33,14.91,0,0
671,6.33,14.91,0,0
672,6.33,14.91,0,0
673,6.33,14.91,0,0
674,6.33,14.91,0,0
675,6.33,14.91,0,0
676,6.33,14.91,0,0
677,6.33,14.91,0,0
678,6.33,14.91,0,0
679,6.33,14.91,0,0
680,6.33,14.91,0,0
681,6.33,14.91,0,0
682,6.33,14.91,0,0
683,6.33,14.91,0,0
684,6.33,14.91,0,0
685,6.33,14.91,0,0
686,6.33,14.91,0,0
687,6.33,14.91,0,0
688,6.33,14.91,0,0
689,6.33,14.91,0,0
690,6.33,14.91,0,0
691,6.33,14.91,0,0
692,6.33,14.91,0,0
693,6.33,14.91,0,0
694,6.33,14.91,0,0
695,6.33,14.91,0,0
696,6.33,14.91,0,0
697,6.33,14.91,0,0
698,6.33,14.91,0,0
699,6.33,14.91,0,0
700,6.33,14.91,0,0
701,6.33,14.91,0,0
702,6.33,14.91,0,0
703,6.33,14.91,0,0
704,6.33,14.91,0,0
705,6.33,14.91,0,0
706,6.33,14.91,0,0
707,6.33,14.91,0,0
708,6.33,14.91,0,0
709,6.33,14.91,0,0
710,6.33,14.91,0,0
711,6.33,14.91,0,0
712,6.33,14.91,0,0
713,6.33,14.91,0,0
714,6.33,14.91,0,0
715,6.33,14.91,0,0
716,6.33,14.91,0,0
717,6.33,14.91,0,0
718,6.33,14.91,0,0
719,6.33,14.91,0,0
720,6.33,14.91,0,0
721,6.33,14.91,0,0
722,6.33,14.91,0,0
723,6.33,14.91,0,0
724,6.33,14.91,0,0
725,6.33,14.91,0,0
726,6.33,14.91,0,0
727,6.33,14.91,0,0
728,6.33,14.91,0,0
729,6.33,14.91,0,0
730,6.33,14.91,0,0
731,6.33,14.91,0,0
732,6.33,14.91,0,0
733,6.33,14.91,0,0
734,6.33,14.91,0,0
735,6.33,14.91,0,0
736,6.33,14.91,0,0
737,6.33,14.91,0,0
738,6.33,14.91,0,0
739,6.33,14.91,0,0
740,6.33,14.91,0,0
741,6.33,14.91,0,0
742,6.33,14.91,0,0
743,6.33,14.91,0,0
744,6.33,14.91,0,0
745,6.33,14.91,0,0
746,6.33,14.91,0,0
747,6.33,14.91,0,0
748,6.33,14.91,0,0
749,6.33,14.91,0,0
750,6.33,14.91,0,0
751,6.33,14.91,0,0
752,6.33,14.91,0,0
753,6.33,14.91,0,0
754,6.33,14.91,0,0
755,6.33,14.91,0,0
756,6.33,14.91,0,0
757,6.33,14.91,0,0
758,6.33,14.91,0,0
759,6.33,14.91,0,0
760,6.33,14.91,0,0
761,6.33,14.91,0,0
762,6.33,14.91,0,0
763,6.33,14.91,0,0
764,6.33,14.91,0,0
765,6.33,14.91,0,0
766,6.33,14.91,0,0
767,6.33,14.91,0,0
768,6.33,14.91,0,0
769,6.33,14.91,0,0
770,6.33,14.91,0,0
771,6.33,14.91,0,0
772,6.33,14.91,0,0
773,6.33,14.91,0,0
774,6.33,14.91,0,0
775,6.33,14.91,0,0
776,6.33,14.91,0,0
777,6.33,14.91,0,0
778,6.33,14.91,0,0
779,6.33,14.91,0,0
780,6.33,14.91,0,0
781,6.33,14.91,0,0
782,6.33,14.91,0,0
783,6.33,14.91,0,0
784,6.33,14.91,0,0
785,6.33,14.91,0,0
786,6.33,14.91,0,0
787,6.33,14.91,0,0
788,6.33,14.91,0,0
789,6.33,14.91,0,0
790,6.33,14.91,0,0
791,6.33,14.91,0,0
792,6.33,14.91,0,0
793,6.33,14.91,0,0
794,6.33,14.91,0,0
795,6.33,14.91,0,0
796,6.33,14.91,0,0
797,6.33,14.91,0,0
798,6.33,14.91,0,0
799,6.33,14.91,0,0
800,6.33,14.91,0,0
801,6.33,14.91,0,0
802,6.33,14.91,0,0
803,6.33,14.91,0,0
804,6.33,14.91,0,0
805,6.33,14.91,0,0
806,6.33,14.91,0,0
807,6.33,14.91,0,0
808,6.33,14.91,0,0
809,6.33,14.91,0,0
810,6.33,14.91,0,0
811,6.33,14.91,0,0
812,6.33,14.91,0,0
813,6.33,14.91,0,0
814,6.33,14.91,0,0
815,6.33,14.91,0,0
816,6.33,14.91,0,0
817,6.34,15.04,4,5
818,6.34,15.04,0,0
819,6.34,15.04,0,0
820,6.34,15.04,0,0
821,6.34,15.04,0,0
822,6.34,15.04,0,0
823,6.34,15.04,0,0
824,6.34,15.04,0,0
825,6.34,15.04,0,0
826,6.34,15.04,0,0
827,6.34,15.04,0,0
828,6.34,15.04,0,0
829,6.34,15.04,0,0
830,6.34,15.04,0,0
831,6.34,15.04,0,0
832,6.34,15.04,0,0
833,6.34,15.04,0,0
834,6.34,15.04,0,0
835,6.34,15.04,0,0
836,6.34,15.04,0,0
837,6.34,15.04,0,0
838,6.34,15.04,0,0
839,6.34,15.04,0,0
840,6.34,15.04,0,0
841,6.34,15.04,0,0
842,6.34,15.04,0,0
843,6.34,15.04,0,0
844,6.34,15.04,0,0
845,6.34,15.04,0,0
846,6.34,15.04,0,0
847,6.34,15.04,0,0
848,6.34,15.04,0,0
849,6.34,15.04,0,0
850,6.34,15.04,0,0
851,6.34,15.04,0,0
852,6.34,15.04,0,0
853,6.34,15.04,0,0
854,6.34,15.04,0,0
855,6.34,15.04,0,0
856,6.34,15.04,0,0
857,6.34,15.04,0,0
858,6.34,15.04,0,0
859,6.34,15.04,0,0
860,6.34,15.04,0,0
861,6.34,15.04,0,0
862,6.34,15.04,0,0
863,6.34,15.04,0,0
864,6.34,15.04,0,0
865,6.34,15.04,0,0
866,6.34,15.04,0,0
867,6.34,15.04,0,0
868,6.34,15.04,0,0
869,6.34,15.04,0,0
870,6.34,15.04,0,0
871,6.34,15.04,0,0
872,6.34,15.04,0,0
873,6.34,15.04,0,0
874,6.34,15.04,0,0
875,6.34,15.04,0,0
876,6.34,15.04,0,0
877,6.34,15.04,0,0
878,6.34,15.04,0,0
879,6.34,15.04,0,0
880,6.34,15.04,0,0
881,6.34,15.04,0,0
882,6.34,15.04,0,0
883,6.34,15.04,0,0
884,6.34,15.04,0,0
885,6.34,15.04,0,0
886,6.34,15.04,0,0
887,6.34,15.04,0,0
888,6.34,15.04,0,0
889,6.34,15.04,0,0
890,6.34,15.04,0,0
891,6.34,15.04,0,0
892,6.34,15.04,0,0
893,6.34,15.04,0,0
894,6.34,15.04,0,0
895,6.34,15.04,0,0
896,6.34,15.04,0,0
897,6.34,15.04,0,0
898,6.34,15.04,0,0
899,6.34,15.04,0,0
900,6.34,15.04,0,0
901,6.34,15.04,0,0
902,6.34,15.04,0,0
903,6.34,15.04,0,0
904,6.34,15.04,0,0
905,6.34,15.04,0,0
906,6.34,15.04,0,0
907,6.34,15.04,0,0
908,6.34,15.04,0,0
909,6.34,15.04,0,0
910,6.34,15.04,0,0
911,6.34,15.04,0,0
912,6.34,15.04,0,0
913,6.34,15.04,0,0
914,6.34,15.04,0,0
915,6.34,15.04,0,0
916,6.34,15.04,0,0
917,6.34,15.04,0,0
918,6.34,15.04,0,0
919,6.34,15.04,0,0
920,6.34,15.04,0,0
921,6.34,15.04,0,0
922,6.34,15.04,0,0
923,6.34,15.04,0,0
924,6.34,15.04,0,0
925,6.34,15.04,0,0
926,6.34,15.04,0,0
927,6.34,15.04,0,0
928,6.34,15.04,0,0
929,6.34,15.04,0,0
930,6.34,15.04,0,0
931,6.34,15.04,0,0
932,6.34,15.04,0,0
933,7.14,15.05,1,1
934,7.14,15.05,0,0
935,7.14,15.05,0,0
936,7.14,15.05,0,0
937,7.14,15.05,0,0
938,7.14,15.05,0,0
939,7.14,15.05,0,0
940,7.14,15.05,0,0
941,7.14,15.05,0,0
942,7.14,15.05,0,0
943,7.14,15.05,0,0
944,7.14,15.05,0,0
945,7.14,15.05,0,0
946,7.14,15.05,0,0
947,7.14,15.05,0,0
948,7.14,15.05,0,0
949,7.14,15.05,0,0
950,7.14,15.05,0,0
951,7.14,15.05,0,0
952,7.14,15.05,0,0
953,7.14,15.05,0,0
954,7.14,15.05,0,0
955,7.14,15.05,0,0
956,7.14,15.05,0,0
957,7.14,15.05,0,0
958,7.14,15.05,0,0
959,7.14,15.05,0,0
960,7.14,15.05,0,0
961,7.14,15.05,0,0
962,7.14,15.05,0,0
963,7.14,15.05,0,0
964,7.14,15.05,0,0
965,7.14,15.05,0,0
966,7.14,15.05,0,0
967,7.14,15.05,0,0
968,7.14,15.05,0,0
969,7.14,15.05,0,0
970,7.14,15.05,0,0
971,7.14,15.05,0,0
972,7.14,15.05,0,0
973,7.14,15.05,0,0
974,7.14,15.05,0,0
975,7.14,15.05,0,0
976,7.14,15.05,0,0
977,7.14,15.05,0,0
978,7.14,15.05,0,0
979,7.14,15.05,0,0
980,7.14,15.05,0,0
981,7.14,15.05,0,0
982,7.14,15.05,0,0
983,7.14,15.05,0,0
984,7.14,15.05,0,0
985,7.14,15.05,0,0
986,7.14,15.05,0,0
987,7.14,15.05,0,0
988,7.14,15.05,0,0
989,7.14,15.05,0,0
990,7.14,15.05,0,0
991,7.14,15.05,0,0
992,7.14,15.05,0,0
993,7.14,15.05,0,0
994,7.14,15.05,0,0
995,7.14,15.05,0,0
996,7.14,15.05,0,0
997,7.14,15.05,0,0
998,7.14,15.05,0,0
999,7.14,15.05,0,0
1000,7.14,15.05,0,0
1001,7.14,15.05,0,0
1002,7.14,15.05,0,0
1003,7.14,15.05,0,0
1004,7.14,15.05,0,0
1005,7.14,15.05,0,0
1006,7.14,15.05,0,0
1007,7.14,15.05,0,0
1008,7.14,15.05,0,0
1009,7.14,15.05,0,0
1010,7.14,15.05,0,0
1011,7.14,15.05,0,0
1012,7.14,15.05,0,0
1013,7.14,15.05,0,0
1014,7.14,15.05,0,0
1015,7.14,15.05,0,0
1016,7.14,15.05,0,0
1017,7.14,15.05,0,0
1018,7.14,15.05,0,0
1019,7.14,15.05,0,0
1020,7.14,15.05,0,0
1021,7.14,15.05,0,0
1022,7.14,15.05,0,0
1023,7.14,15.05,0,0
1024,7.14,15.05,0,0
1025,7.14,15.05,0,0
1026,7.14,15.05,0,0
1027,7.14,15.05,0,0
1028,7.14,15.05,0,0
1029,7.14,15.05,0,0
1030,7.14,15.05,0,0
1031,7.14,15.05,0,0
1032,7.14,15.05,0,0
1033,7.14,15.05,0,0
1034,7.14,15.05,0,0
1035,7.14,15.05,0,0
1036,7.14,15.05,0,0
1037,7.14,15.05,0,0
1038,7.14,15.05,0,0
1039,7.14,15.05,0,0
1040,7.14,15.05,0,0
1041,7.14,15.05,0,0
1042,7.14,15.05,0,0
1043,7.14,15.05,0,0
1044,7.14,15.05,0,0
1045,7.14,15.05,0,0
1046,7.14,15.05,0,0
1047,7.14,15.05,0,0
1048,7.14,15.05,0,0
1049,7.14,15.05,0,0
1050,7.14,15.05,0,0
1051,7.14,15.05,0,0
1052,7.14,15.05,0,0
1053,7.14,15.05,0,0
1054,7.14,15.05,0,0
1055,7.14,15.05,0,0
1056,7.14,15.05,0,0
1057,7.14,15.05,0,0
1058,7.14,15.05,0,0
1059,7.14,15.05,0,0
1060,7.14,15.05,0,0
1061,7.14,15.05,0,0
1062,7.14,15.05,0,0
1063,7.14,15.05,0,0
1064,7.14,15.05,0,0
1065,7.14,15.05,0,0
1066,7.14,15.05,0,0
1067,7.14,15.05,0,0
1068,7.14,15.05,0,0
1069,7.14,15.05,0,0
1070,7.14,15.05,0,0
1071,7.14,15.05,0,0
1072,7.14,15.05,0,0
1073,7.14,15.05,0,0
1074,7.14,15.05,0,0
1075,7.14,15.05,0,0
1076,7.14,15.05,0,0
1077,7.14,15.05,0,0
1078,7.14,15.05,0,0
1079,7.14,15.05,0,0
1080,7.14,15.05,0,0
1081,7.14,15.05,0,0
1082,7.14,15.05,0,0
1083,7.14,15.05,0,0
1084,7.14,15.05,0,0
1085,7.14,15.05,0,0
1086,7.14,15.05,0,0
1087,7.14,15.05,0,0
1088,7.14,15.05,0,0
1089,7.14,15.05,0,0
1090,7.14,15.05,0,0
1091,7.14,15.05,0,0
1092,7.14,15.05,0,0
1093,7.14,15.05,0,0
1094,7.14,15.05,0,0
1095,7.14,15.05,0,0
1096,7.14,15.05,0,0
1097,7.14,15.05,0,0
1098,7.14,15.05,0,0
1099,7.14,15.05,0,0
1100,7.14,15.05,0,0
1101,7.14,15.05,0,0
1102,7.14,15.05,0,0
1103,7.14,15.05,0,0
1104,7.14,15.05,0,0
1105,7.14,15.05,0,0
1106,7.14,15.05,0,0
1107,7.14,15.05,0,0
1108,7.14,15.05,0,0
1109,7.14,15.05,0,0
1110,7.14,15.05,0,0
1111,7.14,15.05,0,0
1112,7.14,15.05,0,0
1113,7.14,15.05,0,0
1114,7.14,15.05,0,0
1115,7.14,15.05,0,0
1116,7.14,15.05,0,0
1117,7.14,15.05,0,0
1118,7.14,15.05,0,0
1119,7.14,15.05,0,0
1120,7.14,15.05,0,0
1121,7.14,15.05,0,0
1122,7.14,15.05,0,0
1123,7.14,15.05,0,0
1124,7.14,15.05,0,0
1125,7.14,15.05,0,0
1126,7.14,15.05,0,0
1127,7.14,15.05,0,0
1128,7.14,15.05,0,0
1129,7.14,15.05,0,0
1130,7.14,15.05,0,0
1131,7.14,15.05,0,0
1132,7.14,15.05,0,0
1133,7.14,15.05,0,0
1134,7.14,15.05,0,0
1135,7.14,15.05,0,0
1136,7.14,15.05,0,0
1137,7.14,15.05,0,0
1138,7.14,15.05,0,0
1139,7.14,15.05,0,0
1140,7.14,15.05,0,0
1141,7.14,15.05,0,0
1142,7.14,15.05,0,0
1143,7.14,15.05,0,0
1144,7.14,15.05,0,0
1145,7.14,15.05,0,0
1146,7.14,15.05,0,0
1147,7.14,15.05,0,0
1148,7.14,15.05,0,0
1149,7.14,15.05,0,0
1150,7.14,15.05,0,0
1151,7.14,15.05,0,0
1152,7.14,15.05,0,0
1153,7.14,15.05,0,0
1154,7.14,15.05,0,0
1155,7.30,15.26,5,6
1156,7.30,15.26,0,0
1157,7.30,15.26,0,0
1158,7.30,15.26,0,0
1159,7.30,15.26,0,0
1160,7.30,15.26,0,0
1161,7.30,15.26,0,0
1162,7.30,15.26,0,0
1163,7.30,15.26,0,0
1164,7.30,15.26,0,0
1165,7.30,15.26,0,0
1166,7.30,15.26,0,0
1167,7.30,15.26,0,0
1168,7.30,15.26,0,0
1169,7.30,15.26,0,0
1170,7.30,15.26,0,0
1171,7.30,15.26,0,0
1172,7.30,15.26,0,0
1173,7.30,15.26,0,0
1174,7.30,15.26,0,0
1175,7.30,15.26,0,0
1176,7.30,15.26,0,0
1177,7.30,15.26,0,0
1178,7.30,15.26,0,0
1179,7.30,15.26,0,0
1180,7.30,15.26,0,0
1181,7.30,15.26,0,0
1182,7.30,15.26,0,0
1183,7.30,15.26,0,0
1184,7.30,15.26,0,0
1185,7.30,15.26,0,0
1186,7.30,15.26,0,0
1187,7.30,15.26,0,0
1188,7.30,15.26,0,0
1189,7.30,15.26,0,0
1190,7.30,15.26,0,0
1191,7.30,15.26,0,0
1192,7.30,15.26,0,0
1193,7.30,15.26,0,0
1194,7.44,15.31,1,1
1195,7.44,15.31,0,0
1196,7.44,15.31,0,0
1197,7.44,15.31,0,0
1198,7.44,15.31,0,0
1199,7.44,15.31,0,0
1200,7.44,15.31,0,0
1201,7.44,15.31,0,0
1202,7.44,15.31,0,0
1203,7.44,15.31,0,0
1204,7.44,15.31,0,0
1205,7.44,15.31,0,0
1206,7.44,15.31,0,0
1207,7.44,15.31,0,0
1208,7.44,15.31,0,0
1209,7.44,15.31,0,0
1210,7.44,15.31,0,0
1211,7.44,15.31,0,0
1212,7.44,15.31,0,0
1213,7.44,15.31,0,0
1214,7.44,15.31,0,0
1215,7.44,15.31,0,0
1216,7.44,15.31,0,0
1217,7.44,15.31,0,0
1218,7.44,15.31,0,0
1219,7.44,15.31,0,0
1220,7.44,15.31,0,0
1221,7.44,15.31,0,0
1222,7.44,15.31,0,0
1223,7.44,15.31,0,0
1224,7.44,15.31,0,0
1225,7.44,15.31,0,0
1226,7.44,15.31,0,0
1227,7.44,15.31,0,0
1228,7.44,15.31,0,0
1229,7.44,15.31,0,0
1230,7.44,15.31,0,0
1231,7.44,15.31,0,0
1232,7.44,15.31,0,0
1233,7.44,15.31,0,0
1234,7.44,15.31,0,0
1235,7.44,15.31,0,0
1236,7.44,15.31,0,0
1237,7.44,15.31,0,0
1238,7.44,15.31,0,0
1239,7.44,15.31,0,0
1240,7.44,15.31,0,0
1241,7.44,15.31,0,0
1242,7.44,15.31,0,0
1243,7.44,15.31,0,0
1244,7.44,15.31,0,0
1245,7.44,15.31,0,0
1246,7.44,15.31,0,0
1247,7.44,15.31,0,0
1248,7.44,15.31,0,0
1249,7.44,15.31,0,0
1250,7.44,15.31,0,0
1251,7.44,15.31,0,0
1252,7.44,15.31,0,0
1253,7.44,15.31,0,0
1254,7.44,15.31,0,0
1255,7.44,15.31,0,0
1256,7.44,15.31,0,0
1257,7.44,15.31,0,0
1258,7.44,15.31,0,0
1259,7.44,15.31,0,0
1260,7.44,15.31,0,0
1261,7.44,15.31,0,0
1262,7.44,15.31,0,0
1263,7.44,15.31,0,0
1264,7.44,15.31,0,0
1265,7.44,15.31,0,0
1266,7.44,15.31,0,0
1267,7.44,15.31,0,0
1268,7.44,15.31,0,0
1269,7.44,15.31,0,0
1270,7.89,15.36,1,1
1271,7.89,15.36,0,0
1272,7.89,15.36,0,0
1273,7.89,15.36,0,0
1274,8.47,15.37,1,1
1275,8.47,15.37,0,0
1276,8.47,15.37,0,0
1277,8.47,15.37,0,0
1278,8.47,15.37,0,0
1279,8.47,15.37,0,0
1280,8.47,15.37,0,0
1281,8.47,15.37,0,0
1282,8.47,15.37,0,0
1283,8.47,15.37,0,0
1284,8.47,15.37,0,0
1285,8.47,15.37,0,0
1286,8.47,15.37,0,0
1287,8.47,15.37,0,0
1288,8.47,15.37,0,0
1289,8.47,15.37,0,0
1290,8.47,15.37,0,0
1291,8.47,15.37,0,0
1292,8.47,15.37,0,0
1293,8.47,15.37,0,0
1294,8.47,15.37,0,0
1295,8.47,15.37,0,0
1296,8.47,15.37,0,0
1297,8.47,15.37,0,0
1298,8.47,15.37,0,0
1299,8.47,15.37,0,0
1300,8.47,15.37,0,0
1301,8.47,15.37,0,0
1302,8.47,15.37,0,0
1303,8.47,15.37,0,0
1304,8.47,15.37,0,0
1305,8.47,15.37,0,0
1306,8.47,15.37,0,0
1307,8.47,15.37,0,0
1308,8.47,15.37,0,0
1309,8.47,15.37,0,0
1310,8.47,15.37,0,0
1311,8.47,15.37,0,0
1312,8.47,15.37,0,0
1313,8.47,15.37,0,0
1314,8.47,15.37,0,0
1315,8.47,15.37,0,0
1316,8.47,15.37,0,0
1317,8.47,15.37,0,0
1318,8.47,15.37,0,0
1319,8.47,15.37,0,0
1320,8.47,15.37,0,0
1321,8.47,15.37,0,0
1322,8.47,15.37,0,0
1323,8.47,15.37,0,0
1324,8.47,15.37,0,0
1325,8.47,15.37,0,0
1326,8.47,15.37,0,0
1327,8.47,15.37,0,0
1328,8.47,15.37,0,0
1329,8.47,15.37,0,0
1330,8.47,15.37,0,0
1331,8.47,15.37,0,0
1332,8.47,15.37,0,0
1333,8.47,15.37,0,0
1334,8.47,15.37,0,0
1335,8.47,15.37,0,0
1336,8.47,15.37,0,0
1337,8.47,15.37,0,0
1338,8.47,15.37,0,0
1339,8.47,15.37,0,0
1340,8.47,15.37,0,0
1341,8.47,15.37,0,0
1342,8.47,15.37,0,0
1343,8.47,15.37,0,0
1344,8.47,15.37,0,0
1345,8.47,15.37,0,0
1346,8.47,15.37,0,0
1347,8.47,15.37,0,0
1348,8.47,15.37,0,0
1349,8.47,15.37,0,0
1350,8.47,15.37,0,0
1351,8.47,15.37,0,0
1352,8.47,15.37,0,0
1353,8.47,15.37,0,0
1354,8.47,15.37,0,0
1355,8.47,15.37,0,0
1356,8.47,15.37,0,0
1357,8.47,15.37,0,0
1358,8.47,15.37,0,0
1359,8.47,15.37,0,0
1360,8.47,15.37,0,0
1361,8.47,15.37,0,0
1362,8.47,15.37,0,0
1363,8.47,15.37,0,0
1364,8.47,15.37,0,0
1365,8.47,15.37,0,0
1366,8.47,15.37,0,0
1367,8.47,15.37,0,0
1368,8.47,15.37,0,0
1369,8.47,15.37,0,0
1370,8.47,15.37,0,0
1371,8.47,15.37,0,0
1372,8.47,15.37,0,0
1373,8.47,15.37,0,0
1374,8.47,15.37,0,0
1375,8.47,15.37,0,0
1376,8.47,15.37,0,0
1377,8.47,15.37,0,0
1378,8.47,15.37,0,0
1379,8.47,15.37,0,0
1380,8.47,15.37,0,0
1381,8.47,15.37,0,0
1382,8.47,15.37,0,0
1383,8.47,15.37,0,0
1384,8.47,15.37,0,0
1385,8.47,15.37,0,0
1386,8.47,15.37,0,0
1387,8.47,15.37,0,0
1388,8.47,15.37,0,0
1389,8.47,15.37,0,0
1390,8.47,15.37,0,0
1391,8.47,15.37,0,0
1392,8.47,15.37,0,0
1393,8.47,15.37,0,0
1394,8.47,15.37,0,0
1395,8.47,15.37,0,0
1396,8.47,15.37,0,0
1397,8.47,15.37,0,0
1398,8.47,15.37,0,0
1399,8.47,15.37,0,0
1400,8.47,15.37,0,0
1401,8.47,15.37,0,0
1402,8.47,15.37,0,0
1403,8.47,15.37,0,0
1404,8.47,15.37,0,0
1405,8.47,15.37,0,0
1406,8.47,15.37,0,0
1407,8.47,15.37,0,0
1408,8.47,15.37,0,0
1409,8.47,15.37,0,0
1410,8.47,15.37,0,0
1411,8.47,15.37,0,0
1412,8.47,15.37,0,0
1413,8.47,15.37,0,0
1414,8.47,15.37,0,0
1415,8.47,15.37,0,0
1416,8.47,15.37,0,0
1417,8.47,15.37,0,0
1418,8.47,15.37,0,0
1419,8.47,15.37,0,0
1420,8.47,15.37,0,0
1421,8.47,15.37,0,0
1422,8.47,15.37,0,0
1423,8.47,15.37,0,0
1424,8.47,15.37,0,0
1425,8.47,15.37,0,0
1426,8.47,15.37,0,0
1427,8.47,15.37,0,0
1428,8.47,15.37,0,0
1429,8.47,15.37,0,0
1430,8.47,15.37,0,0
1431,8.47,15.37,0,0
1432,8.47,15.37,0,0
1433,8.47,15.37,0,0
1434,8.47,15.37,0,0
1435,8.47,15.37,0,0
1436,8.47,15.37,0,0
1437,8.47,15.37,0,0
1438,8.47,15.37,0,0
1439,8.47,15.37,0,0
1440,8.47,15.37,0,0
1441,8.47,15.37,0,0
1442,8.47,15.37,0,0
1443,8.47,15.37,0,0
1444,8.47,15.37,0,0
1445,8.47,15.37,0,0
1446,8.47,15.37,0,0
1447,8.47,15.37,0,0
1448,8.47,15.37,0,0
1449,8.47,15.37,0,0
1450,8.47,15.37,0,0
1451,8.47,15.37,0,0
1452,8.47,15.37,0,0
1453,8.47,15.37,0,0
1454,8.47,15.37,0,0
1455,8.47,15.37,0,0
1456,8.47,15.37,0,0
1457,8.47,15.37,0,0
1458,8.47,15.37,0,0
1459,8.47,15.37,0,0
1460,8.47,15.37,0,0
1461,8.47,15.37,0,0
1462,8.47,15.37,0,0
1463,8.47,15.37,0,0
1464,8.47,15.37,0,0
1465,8.47,15.37,0,0
1466,8.47,15.37,0,0
1467,8.47,15.37,0,0
1468,8.47,15.37,0,0
1469,8.47,15.37,0,0
1470,8.47,15.37,0,0
1471,8.47,15.37,0,0
1472,8.47,15.37,0,0
1473,8.47,15.37,0,0
1474,8.47,15.37,0,0
1475,8.47,15.37,0,0
1476,8.47,15.37,0,0
1477,8.47,15.37,0,0
1478,8.47,15.37,0,0
1479,8.47,15.37,0,0
1480,8.47,15.37,0,0
1481,8.47,15.37,0,0
1482,8.47,15.37,0,0
1483,8.47,15.37,0,0
1484,8.47,15.37,0,0
1485,8.47,15.37,0,0
1486,8.47,15.37,0,0
1487,8.47,15.37,0,0
1488,8.47,15.37,0,0
1489,8.47,15.37,0,0
1490,8.47,15.37,0,0
1491,8.47,15.37,0,0
1492,8.47,15.37,0,0
1493,8.47,15.37,0,0
1494,8.47,15.37,0,0
1495,8.47,15.37,0,0
1496,8.47,15.37,0,0
1497,8.47,15.37,0,0
1498,8.47,15.37,0,0
1499,8.47,15.37,0,0
1500,8.47,15.37,0,0
1501,8.47,15.37,0,0
1502,8.47,15.37,0,0
1503,8.47,15.37,0,0
1504,8.47,15.37,0,0
1505,8.47,15.37,0,0
1506,8.47,15.37,0,0
1507,8.47,15.37,0,0
1508,8.47,15.37,0,0
1509,8.47,15.37,0,0
1510,8.47,15.37,0,0
1511,8.47,15.37,0,0
1512,8.47,15.37,0,0
1513,8.47,15.37,0,0
1514,8.47,15.37,0,0
1515,8.47,15.37,0,0
1516,8.47,15.37,0,0
1517,8.47,15.37,0,0
1518,8.47,15.37,0,0
1519,8.47,15.37,0,0
1520,8.47,15.37,0,0
1521,8.47,15.37,0,0
1522,8.47,15.37,0,0
1523,8.47,15.37,0,0
1524,8.47,15.37,0,0
1525,8.47,15.37,0,0
1526,8.47,15.37,0,0
1527,8.47,15.37,0,0
1528,8.47,15.37,0,0
1529,8.47,15.37,0,0
1530,8.47,15.37,0,0
1531,8.47,15.37,0,0
1532,8.47,15.37,0,0
1533,8.47,15.37,0,0
1534,8.47,15.37,0,0
1535,8.47,15.37,0,0
1536,8.47,15.37,0,0
1537,8.47,15.37,0,0
1538,8.47,15.37,0,0
1539,8.47,15.37,0,0
1540,8.47,15.37,0,0
1541,8.47,15.37,0,0
1542,8.47,15.37,0,0
1543,8.47,15.37,0,0
1544,8.47,15.37,0,0
1545,8.47,15.37,0,0
1546,8.47,15.37,0,0
1547,8.47,15.37,0,0
1548,8.47,15.37,0,0
1549,8.47,15.37,0,0
1550,8.47,15.37,0,0
1551,8.47,15.37,0,0
1552,8.47,15.37,0,0
1553,8.47,15.37,0,0
1554,8.47,15.37,0,0
1555,8.47,15.37,0,0
1556,8.47,15.37,0,0
1557,8.47,15.37,0,0
1558,8.47,15.37,0,0
1559,8.47,15.37,0,0
1560,8.47,15.37,0,0
1561,8.47,15.37,0,0
1562,8.47,15.37,0,0
1563,8.47,15.37,0,0
1564,8.47,15.37,0,0
1565,8.47,15.37,0,0
1566,8.47,15.37,0,0
1567,8.47,15.37,0,0
1568,8.47,15.37,0,0
1569,8.47,15.37,0,0
1570,8.47,15.37,0,0
1571,8.47,15.37,0,0
1572,8.47,15.37,0,0
1573,8.47,15.37,0,0
1574,8.47,15.37,0,0
1575,8.47,15.37,0,0
1576,8.47,15.37,0,0
1577,8.47,15.37,0,0
1578,8.47,15.37,0,0
1579,8.47,15.37,0,0
1580,8.47,15.37,0,0
1581,8.47,15.37,0,0
1582,8.47,15.37,0,0
1583,8.47,15.37,0,0
1584,8.47,15.37,0,0
1585,8.47,15.37,0,0
1586,8.47,15.37,0,0
1587,8.47,15.37,0,0
1588,8.47,15.37,0,0
1589,8.47,15.37,0,0
1590,8.47,15.37,0,0
1591,8.47,15.37,0,0
1592,8.47,15.37,0,0
1593,8.47,15.37,0,0
1594,8.47,15.37,0,0
1595,8.47,15.37,0,0
1596,8.47,15.37,0,0
1597,8.47,15.37,0,0
1598,8.47,15.37,0,0
1599,8.47,15.37,0,0
1600,8.47,15.37,0,0
1601,8.47,15.37,0,0
1602,8.47,15.37,0,0
1603,8.47,15.37,0,0
1604,8.47,15.37,0,0
1605,8.47,15.37,0,0
1606,8.47,15.37,0,0
1607,8.47,15.37,0,0
1608,8.47,15.37,0,0
1609,8.47,15.37,0,0
1610,8.47,15.37,0,0
1611,8.47,15.37,0,0
1612,8.47,15.37,0,0
1613,8.47,15.37,0,0
1614,8.47,15.37,0,0
1615,8.47,15.37,0,0
1616,8.47,15.37,0,0
1617,8.47,15.37,0,0
1618,8.47,15.37,0,0
1619,8.47,15.37,0,0
1620,8.47,15.37,0,0
1621,8.47,15.37,0,0
1622,8.47,15.37,0,0
1623,8.47,15.37,0,0
1624,8.47,15.37,0,0
1625,8.47,15.37,0,0
1626,8.47,15.37,0,0
1627,8.47,15.37,0,0
1628,8.47,15.37,0,0
1629,8.47,15.37,0,0
1630,8.47,15.37,0,0
1631,8.47,15.37,0,0
1632,8.47,15.37,0,0
1633,8.47,15.37,0,0
1634,8.47,15.37,0,0
1635,8.47,15.37,0,0
1636,8.47,15.37,0,0
1637,8.47,15.37,0,0
1638,8.47,15.37,0,0
1639,8.47,15.37,0,0
1640,8.47,15.37,0,0
1641,8.47,15.37,0,0
1642,8.47,15.37,0,0
1643,8.47,15.37,0,0
1644,8.47,15.37,0,0
1645,8.47,15.37,0,0
1646,8.47,15.37,0,0
1647,8.47,15.37,0,0
1648,8.47,15.37,0,0
1649,8.47,15.37,0,0
1650,8.47,15.37,0,0
1651,8.47,15.37,0,0
1652,8.47,15.37,0,0
1653,8.47,15.37,0,0
1654,8.47,15.37,0,0
1655,8.47,15.37,0,0
1656,8.47,15.37,0,0
1657,8.47,15.37,0,0
1658,8.47,15.37,0,0
1659,8.47,15.37,0,0
1660,8.47,15.37,0,0
1661,8.47,15.37,0,0
1662,8.47,15.37,0,0
1663,8.47,15.37,0,0
1664,8.47,15.37,0,0
1665,8.47,15.37,0,0
1666,8.47,15.37,0,0
1667,8.47,15.37,0,0
1668,8.47,15.37,0,0
1669,8.47,15.37,0,0
1670,8.47,15.37,0,0
1671,8.47,15.37,0,0
1672,8.47,15.37,0,0
1673,8.47,15.37,0,0
1674,8.47,15.37,0,0
1675,8.47,15.37,0,0
1676,8.47,15.37,0,0
1677,8.47,15.37,0,0
1678,8.47,15.37,0,0
1679,8.47,15.37,0,0
1680,8.47,15.37,0,0
1681,8.47,15.37,0,0
1682,8.47,15.37,0,0
1683,8.47,15.37,0,0
1684,8.47,15.37,0,0
1685,8.47,15.37,0,0
1686,8.47,15.37,0,0
1687,8.47,15.37,0,0
1688,8.47,15.37,0,0
1689,8.47,15.37,0,0
1690,8.47,15.37,0,0
1691,8.47,15.37,0,0
1692,8.47,15.37,0,0
1693,8.47,15.37,0,0
1694,8.47,15.37,0,0
1695,8.47,15.37,0,0
1696,8.47,15.37,0,0
1697,8.47,15.37,0,0
1698,8.47,15.37,0,0
1699,8.47,15.37,0,0
1700,8.47,15.37,0,0
1701,8.47,15.37,0,0
1702,8.47,15.37,0,0
1703,8.47,15.37,0,0
1704,8.47,15.37,0,0
1705,8.47,15.37,0,0
1706,8.47,15.37,0,0
1707,8.47,15.37,0,0
1708,8.47,15.37,0,0
1709,8.47,15.37,0,0
1710,8.47,15.37,0,0
1711,8.47,15.37,0,0
1712,8.47,15.37,0,0
1713,8.47,15.37,0,0
1714,8.47,15.37,0,0
1715,8.47,15.37,0,0
1716,8.47,15.37,0,0
1717,8.47,15.37,0,0
1718,8.47,15.37,0,0
1719,8.47,15.37,0,0
1720,8.47,15.37,0,0
1721,8.47,15.37,0,0
1722,8.47,15.37,0,0
1723,8.47,15.37,0,0
1724,8.47,15.37,0,0
1725,8.47,15.37,0,0
1726,8.47,15.37,0,0
1727,8.47,15.37,0,0
1728,8.47,15.37,0,0
1729,8.47,15.37,0,0
1730,8.47,15.37,0,0
1731,8.47,15.37,0,0
1732,8.47,15.37,0,0
1733,8.47,15.37,0,0
1734,8.47,15.37,0,0
1735,8.47,15.37,0,0
1736,8.47,15.37,0,0
1737,8.47,15.37,0,0
1738,8.47,15.37,0,0
1739,8.47,15.37,0,0
1740,8.47,15.37,0,0
1741,8.47,15.37,0,0
1742,8.47,15.37,0,0
1743,8.47,15.37,0,0
1744,8.47,15.37,0,0
1745,8.47,15.37,0,0
1746,8.47,15.37,0,0
1747,8.47,15.37,0,0
1748,8.47,15.37,0,0
1749,8.47,15.37,0,0
1750,8.47,15.37,0,0
1751,8.47,15.37,0,0
1752,8.47,15.37,0,0
1753,8.47,15.37,0,0
1754,8.47,15.37,0,0
1755,8.47,15.37,0,0
1756,8.47,15.37,0,0
1757,8.47,15.37,0,0
1758,8.47,15.37,0,0
1759,8.47,15.37,0,0
1760,8.47,15.37,0,0
1761,8.47,15.37,0,0
1762,8.47,15.37,0,0
1763,8.47,15.37,0,0
1764,8.47,15.37,0,0
1765,8.47,15.37,0,0
1766,8.47,15.37,0,0
1767,8.47,15.37,0,0
1768,8.47,15.37,0,0
1769,8.47,15.37,0,0
1770,8.47,15.37,0,0
1771,8.47,15.37,0,0
1772,8.47,15.37,0,0
1773,8.47,15.37,0,0
1774,8.47,15.37,0,0
1775,8.47,15.37,0,0
1776,8.47,15.37,0,0
1777,8.47,15.37,0,0
1778,8.47,15.37,0,0
1779,8.47,15.37,0,0
1780,8.47,15.37,0,0
1781,8.47,15.37,0,0
1782,8.47,15.37,0,0
1783,8.47,15.37,0,0
1784,8.47,15.37,0,0
1785,8.47,15.37,0,0
1786,8.47,15.37,0,0
1787,8.47,15.37,0,0
1788,8.47,15.37,0,0
1789,8.47,15.37,0,0
1790,8.47,15.37,0,0
1791,8.47,15.37,0,0
1792,8.47,15.37,0,0
1793,8.47,15.37,0,0
1794,8.47,15.37,0,0
1795,8.47,15.37,0,0
1796,8.47,15.37,0,0
1797,8.47,15.37,0,0
1798,8.47,15.37,0,0
1799,8.47,15.37,0,0
1800,8.47,15.37,0,0
1801,8.47,15.37,0,0
1802,8.47,15.37,0,0
1803,8.47,15.37,0,0
1804,8.47,15.37,0,0
1805,8.47,15.37,0,0
1806,8.47,15.37,0,0
1807,8.47,15.37,0,0
1808,8.47,15.37,0,0
1809,8.47,15.37,0,0
1810,8.47,15.37,0,0
1811,8.47,15.37,0,0
1812,8.47,15.37,0,0
1813,8.47,15.37,0,0
1814,8.47,15.37,0,0
1815,8.47,15.37,0,0
1816,8.47,15.37,0,0
1817,8.47,15.37,0,0
1818,8.47,15.37,0,0
1819,8.47,15.37,0,0
1820,8.47,15.37,0,0
1821,8.47,15.37,0,0
1822,8.47,15.37,0,0
1823,8.47,15.37,0,0
1824,8.47,15.37,0,0
1825,8.47,15.37,0,0
1826,8.47,15.37,0,0
1827,8.47,15.37,0,0
1828,8.47,15.37,0,0
1829,8.47,15.37,0,0
1830,8.47,15.37,0,0
1831,8.47,15.37,0,0
1832,8.47,15.37,0,0
1833,8.47,15.37,0,0
1834,8.47,15.37,0,0
1835,8.47,15.37,0,0
1836,8.47,15.37,0,0
1837,8.47,15.37,0,0
1838,8.47,15.37,0,0
1839,8.47,15.37,0,0
1840,8.47,15.37,0,0
1841,8.47,15.37,0,0
1842,8.47,15.37,0,0
1843,8.47,15.37,0,0
1844,8.47,15.37,0,0
1845,8.47,15.37,0,0
1846,8.47,15.37,0,0
1847,8.47,15.37,0,0
1848,8.47,15.37,0,0
1849,8.47,15.37,0,0
1850,8.47,15.37,0,0
1851,8.47,15.37,0,0
1852,8.47,15.37,0,0
1853,8.47,15.37,0,0
1854,8.47,15.37,0,0
1855,8.47,15.37,0,0
1856,8.47,15.37,0,0
1857,8.47,15.37,0,0
1858,8.47,15.37,0,0
1859,8.47,15.37,0,0
1860,8.47,15.37,0,0
1861,8.47,15.37,0,0
1862,8.47,15.37,0,0
1863,8.47,15.37,0,0
1864,8.47,15.37,0,0
1865,8.47,15.37,0,0
1866,8.47,15.37,0,0
1867,8.47,15.37,0,0
1868,8.47,15.37,0,0
1869,8.47,15.37,0,0
1870,8.47,15.37,0,0
1871,8.47,15.37,0,0
1872,8.47,15.37,0,0
1873,8.47,15.37,0,0
1874,8.47,15.37,0,0
1875,8.47,15.37,0,0
1876,8.47,15.37,0,0
1877,8.47,15.37,0,0
1878,8.47,15.37,0,0
1879,8.47,15.37,0,0
1880,8.47,15.37,0,0
1881,8.47,15.37,0,0
1882,8.47,15.37,0,0
1883,8.47,15.37,0,0
1884,8.47,15.37,0,0
1885,8.47,15.37,0,0
1886,8.47,15.37,0,0
1887,8.47,15.37,0,0
1888,8.47,15.37,0,0
1889,8.47,15.37,0,0
1890,8.47,15.37,0,0
1891,8.47,15.37,0,0
1892,8.47,15.37,0,0
1893,8.47,15.37,0,0
1894,8.47,15.37,0,0
1895,8.47,15.37,0,0
1896,8.47,15.37,0,0
1897,8.47,15.37,0,0
1898,8.47,15.37,0,0
1899,8.47,15.37,0,0
1900,8.47,15.37,0,0
1901,8.47,15.37,0,0
1902,8.47,15.37,0,0
1903,8.47,15.37,0,0
1904,8.47,15.37,0,0
1905,8.47,15.37,0,0
1906,8.47,15.37,0,0
1907,8.47,15.37,0,0
1908,8.47,15.37,0,0
1909,8.47,15.37,0,0
1910,8.47,15.37,0,0
1911,8.47,15.37,0,0
1912,8.47,15.37,0,0
1913,8.47,15.37,0,0
1914,8.47,15.37,0,0
1915,8.47,15.37,0,0
1916,8.47,15.37,0,0
1917,8.47,15.37,0,0
1918,8.47,15.37,0,0
1919,8.47,15.37,0,0
1920,8.47,15.37,0,0
1921,8.47,15.37,0,0
1922,8.47,15.37,0,0
1923,8.47,15.37,0,0
1924,8.47,15.37,0,0
1925,8.47,15.37,0,0
1926,8.47,15.37,0,0
1927,8.47,15.37,0,0
1928,8.47,15.37,0,0
1929,8.47,15.37,0,0
1930,8.47,15.37,0,0
1931,8.47,15.37,0,0
1932,8.47,15.37,0,0
1933,8.47,15.37,0,0
1934,8.47,15.37,0,0
1935,8.47,15.37,0,0
1936,8.47,15.37,0,0
1937,8.47,15.37,0,0
1938,8.47,15.37,0,0
1939,8.47,15.37,0,0
1940,8.47,15.37,0,0
1941,8.47,15.37,0,0
1942,8.47,15.37,0,0
1943,8.47,15.37,0,0
1944,8.47,15.37,0,0
1945,8.47,15.37,0,0
1946,8.47,15.37,0,0
1947,8.47,15.37,0,0
1948,8.47,15.37,0,0
1949,8.47,15.37,0,0
1950,8.47,15.37,0,0
1951,8.47,15.37,0,0
1952,8.47,15.37,0,0
1953,8.47,15.37,0,0
1954,8.47,15.37,0,0
1955,8.47,15.37,0,0
1956,8.47,15.37,0,0
1957,8.47,15.37,0,0
1958,8.47,15.37,0,0
1959,8.47,15.37,0,0
1960,8.47,15.37,0,0
1961,8.47,15.37,0,0
1962,8.47,15.37,0,0
1963,8.47,15.37,0,0
1964,8.47,15.37,0,0
1965,8.47,15.37,0,0
1966,8.47,15.37,0,0
1967,8.47,15.37,0,0
1968,8.47,15.37,0,0
1969,8.47,15.37,0,0
1970,8.47,15.37,0,0
1971,8.47,15.37,0,0
1972,8.47,15.37,0,0
1973,8.47,15.37,0,0
1974,8.47,15.37,0,0
1975,8.47,15.37,0,0
1976,8.47,15.37,0,0
1977,8.47,15.37,0,0
1978,8.47,15.37,0,0
1979,8.47,15.37,0,0
1980,8.47,15.37,0,0
1981,8.47,15.37,0,0
1982,8.47,15.37,0,0
1983,8.47,15.37,0,0
1984,8.47,15.37,0,0
1985,8.47,15.37,0,0
1986,8.47,15.37,0,0
1987,8.47,15.37,0,0
1988,8.47,15.37,0,0
1989,8.47,15.37,0,0
1990,8.47,15.37,0,0
1991,8.47,15.37,0,0
1992,8.47,15.37,0,0
1993,8.47,15.37,0,0
1994,8.47,15.37,0,0
1995,8.47,15.37,0,0
1996,8.47,15.37,0,0
1997,8.47,15.37,0,0
1998,8.47,15.37,0,0
1999,8.47,15.37,0,0
2000,8.47,15.37,0,0
2001,8.47,15.37,0,0
2002,8.47,15.37,0,0
2003,8.47,15.37,0,0
2004,8.47,15.37,0,0
2005,8.47,15.37,0,0
2006,8.47,15.37,0,0
2007,8.47,15.37,0,0
2008,8.47,15.37,0,0
2009,8.47,15.37,0,0
2010,8.47,15.37,0,0
2011,8.47,15.37,0,0
2012,8.47,15.37,0,0
2013,8.47,15.37,0,0
2014,8.47,15.37,0,0
2015,8.47,15.37,0,0
2016,8.47,15.37,0,0
2017,8.47,15.37,0,0
2018,8.47,15.37,0,0
2019,8.47,15.37,0,0
2020,8.47,15.37,0,0
2021,8.47,15.37,0,0
2022,8.47,15.37,0,0
2023,8.47,15.37,0,0
2024,8.47,15.37,0,0
2025,8.47,15.37,0,0
2026,8.47,15.37,0,0
2027,8.47,15.37,0,0
2028,8.47,15.37,0,0
2029,8.47,15.37,0,0
2030,8.47,15.37,0,0
2031,8.47,15.37,0,0
2032,8.47,15.37,0,0
2033,8.47,15.37,0,0
2034,8.47,15.37,0,0
2035,8.47,15.37,0,0
2036,8.47,15.37,0,0
2037,8.47,15.37,0,0
2038,8.47,15.37,0,0
2039,8.47,15.37,0,0
2040,8.47,15.37,0,0
2041,8.47,15.37,0,0
2042,8.47,15.37,0,0
2043,8.47,15.37,0,0
2044,8.47,15.37,0,0
2045,8.47,15.37,0,0
2046,8.47,15.37,0,0
2047,8.47,15.37,0,0
2048,8.47,15.37,0,0
2049,8.47,15.37,0,0
2050,8.47,15.37,0,0
2051,8.47,15.37,0,0
2052,8.47,15.37,0,0
2053,8.47,15.37,0,0
2054,8.47,15.37,0,0
2055,8.47,15.37,0,0
2056,8.47,15.37,0,0
2057,8.47,15.37,0,0
2058,8.47,15.37,0,0
2059,8.47,15.37,0,0
2060,8.47,15.37,0,0
2061,8.47,15.37,0,0
2062,8.47,15.37,0,0
2063,8.47,15.37,0,0
2064,8.47,15.37,0,0
2065,8.47,15.37,0,0
2066,8.47,15.37,0,0
2067,8.47,15.37,0,0
2068,8.47,15.37,0,0
2069,8.47,15.37,0,0
2070,8.47,15.37,0,0
2071,8.47,15.37,0,0
2072,8.47,15.37,0,0
2073,8.47,15.37,0,0
2074,8.47,15.37,0,0
2075,8.47,15.37,0,0
2076,8.47,15.37,0,0
2077,8.47,15.37,0,0
2078,8.47,15.37,0,0
2079,8.47,15.37,0,0
2080,8.47,15.37,0,0
2081,8.47,15.37,0,0
2082,8.47,15.37,0,0
2083,8.47,15.37,0,0
2084,8.47,15.37,0,0
2085,8.47,15.37,0,0
2086,8.47,15.37,0,0
2087,8.47,15.37,0,0
2088,8.47,15.37,0,0
2089,8.47,15.37,0,0
2090,8.47,15.37,0,0
2091,8.47,15.37,0,0
2092,8.47,15.37,0,0
2093,8.47,15.37,0,0
2094,8.47,15.37,0,0
2095,8.47,15.37,0,0
2096,8.47,15.37,0,0
2097,8.47,15.37,0,0
2098,8.47,15.37,0,0
2099,8.47,15.37,0,0
2100,8.47,15.37,0,0
2101,8.47,15.37,0,0
2102,8.47,15.37,0,0
2103,8.47,15.37,0,0
2104,8.47,15.37,0,0
2105,8.47,15.37,0,0
2106,8.47,15.37,0,0
2107,8.47,15.37,0,0
2108,8.47,15.37,0,0
2109,8.47,15.37,0,0
2110,8.47,15.37,0,0
2111,8.47,15.37,0,0
2112,8.47,15.37,0,0
2113,8.47,15.37,0,0
2114,8.47,15.37,0,0
2115,8.47,15.37,0,0
2116,8.47,15.37,0,0
2117,8.47,15.37,0,0
2118,8.47,15.37,0,0
2119,8.47,15.37,0,0
2120,8.47,15.37,0,0
2121,8.47,15.37,0,0
2122,8.47,15.37,0,0
2123,8.47,15.37,0,0
2124,8.47,15.37,0,0
2125,8.47,15.37,0,0
2126,8.47,15.37,0,0
2127,8.47,15.37,0,0
2128,8.47,15.37,0,0
2129,8.47,15.37,0,0
2130,8.47,15.37,0,0
2131,8.47,15.37,0,0
2132,8.47,15.37,0,0
2133,8.47,15.37,0,0
2134,8.47,15.37,0,0
2135,8.47,15.37,0,0
2136,8.47,15.37,0,0
2137,8.47,15.37,0,0
2138,8.47,15.37,0,0
2139,8.47,15.37,0,0
2140,8.47,15.37,0,0
2141,8.47,15.37,0,0
2142,8.47,15.37,0,0
2143,8.47,15.37,0,0
2144,8.47,15.37,0,0
2145,8.47,15.37,0,0
2146,8.47,15.37,0,0
2147,8.47,15.37,0,0
2148,8.47,15.37,0,0
2149,8.47,15.37,0,0
2150,8.47,15.37,0,0
2151,8.47,15.37,0,0
2152,8.47,15.37,0,0
2153,8.47,15.37,0,0
2154,8.47,15.37,0,0
2155,8.47,15.37,0,0
2156,8.47,15.37,0,0
2157,8.47,15.37,0,0
2158,8.47,15.37,0,0
2159,8.47,15.37,0,0
2160,8.47,15.37,0,0
2161,8.47,15.37,0,0
2162,8.47,15.37,0,0
2163,8.47,15.37,0,0
2164,8.47,15.37,0,0
2165,8.47,15.37,0,0
2166,8.47,15.37,0,0
2167,8.47,15.37,0,0
2168,8.47,15.37,0,0
2169,8.47,15.37,0,0
2170,8.47,15.37,0,0
2171,8.47,15.37,0,0
2172,8.47,15.37,0,0
2173,8.47,15.37,0,0
2174,8.47,15.37,0,0
2175,8.47,15.37,0,0
2176,8.47,15.37,0,0
2177,8.47,15.37,0,0
2178,8.47,15.37,0,0
2179,8.47,15.37,0,0
2180,8.47,15.37,0,0
2181,8.47,15.37,0,0
2182,8.47,15.37,0,0
2183,8.47,15.37,0,0
2184,8.47,15.37,0,0
2185,8.47,15.37,0,0
2186,8.47,15.37,0,0
2187,8.47,15.37,0,0
2188,8.47,15.37,0,0
2189,8.47,15.37,0,0
2190,8.47,15.37,0,0
2191,8.47,15.37,0,0
2192,8.47,15.37,0,0
2193,8.47,15.37,0,0
2194,8.47,15.37,0,0
2195,8.47,15.37,0,0
2196,8.47,15.37,0,0
2197,8.47,15.37,0,0
2198,8.47,15.37,0,0
2199,8.47,15.37,0,0
2200,8.47,15.37,0,0
2201,8.47,15.37,0,0
2202,8.47,15.37,0,0
2203,8.47,15.37,0,0
2204,8.47,15.37,0,0
2205,8.47,15.37,0,0
2206,8.47,15.37,0,0
2207,8.47,15.37,0,0
2208,8.47,15.37,0,0
2209,8.47,15.37,0,0
2210,8.47,15.37,0,0
2211,8.47,15.37,0,0
2212,8.47,15.37,0,0
2213,8.47,15.37,0,0
2214,8.47,15.37,0,0
2215,8.47,15.37,0,0
2216,8.47,15.37,0,0
2217,8.47,15.37,0,0
2218,8.47,15.37,0,0
2219,8.47,15.37,0,0
2220,8.47,15.37,0,0
2221,8.47,15.37,0,0
2222,8.47,15.37,0,0
2223,8.47,15.37,0,0
2224,8.47,15.37,0,0
2225,8.47,15.37,0,0
2226,8.47,15.37,0,0
2227,8.47,15.37,0,0
2228,8.47,15.37,0,0
2229,8.47,15.37,0,0
2230,8.47,15.37,0,0
2231,8.47,15.37,0,0
2232,8.47,15.37,0,0
2233,8.47,15.37,0,0
2234,8.47,15.37,0,0
2235,8.47,15.37,0,0
2236,8.47,15.37,0,0
2237,8.47,15.37,0,0
2238,8.47,15.37,0,0
2239,8.47,15.37,0,0
2240,8.47,15.37,0,0
2241,8.47,15.37,0,0
2242,8.47,15.37,0,0
2243,8.47,15.37,0,0
2244,8.47,15.37,0,0
2245,8.47,15.37,0,0
2246,8.47,15.37,0,0
2247,8.47,15.37,0,0
2248,8.47,15.37,0,0
2249,8.47,15.37,0,0
2250,8.47,15.37,0,0
2251,8.47,15.37,0,0
2252,8.47,15.37,0,0
2253,8.47,15.37,0,0
2254,8.47,15.37,0,0
2255,8.47,15.37,0,0
2256,8.47,15.37,0,0
2257,8.47,15.37,0,0
2258,8.47,15.37,0,0
2259,8.47,15.37,0,0
2260,8.47,15.37,0,0
2261,8.47,15.37,0,0
2262,8.47,15.37,0,0
2263,8.47,15.37,0,0
2264,8.47,15.37,0,0
2265,8.47,15.37,0,0
2266,8.47,15.37,0,0
2267,8.47,15.37,0,0
2268,8.47,15.37,0,0
2269,8.47,15.37,0,0
2270,8.47,15.37,0,0
2271,8.47,15.37,0,0
2272,8.47,15.37,0,0
2273,8.47,15.37,0,0
2274,8.47,15.37,0,0
2275,8.47,15.37,0,0
2276,8.47,15.37,0,0
2277,8.47,15.37,0,0
2278,8.47,15.37,0,0
2279,8.47,15.37,0,0
2280,8.47,15.37,0,0
2281,8.47,15.37,0,0
2282,8.47,15.37,0,0
2283,8.47,15.37,0,0
2284,8.47,15.37,0,0
2285,8.47,15.37,0,0
2286,8.47,15.37,0,0
2287,8.47,15.37,0,0
2288,8.47,15.37,0,0
2289,8.47,15.37,0,0
2290,8.47,15.37,0,0
2291,8.47,15.37,0,0
2292,8.47,15.37,0,0
2293,8.47,15.37,0,0
2294,8.47,15.37,0,0
2295,8.47,15.37,0,0
2296,8.47,15.37,0,0
2297,8.47,15.37,0,0
2298,8.47,15.37,0,0
2299,8.47,15.37,0,0
2300,8.47,15.37,0,0
2301,8.47,15.37,0,0
2302,8.47,15.37,0,0
2303,8.47,15.37,0,0
2304,8.47,15.37,0,0
2305,8.47,15.37,0,0
2306,8.47,15.37,0,0
2307,8.47,15.37,0,0
2308,8.47,15.37,0,0
2309,8.47,15.37,0,0
2310,8.47,15.37,0,0
2311,8.47,15.37,0,0
2312,8.47,15.37,0,0
2313,8.47,15.37,0,0
2314,8.47,15.37,0,0
2315,8.47,15.37,0,0
2316,8.47,15.37,0,0
2317,8.47,15.37,0,0
2318,8.47,15.37,0,0
2319,8.47,15.37,0,0
2320,8.47,15.37,0,0
2321,8.47,15.37,0,0
2322,8.47,15.37,0,0
2323,8.47,15.37,0,0
2324,8.47,15.37,0,0
2325,8.47,15.37,0,0
2326,8.47,15.37,0,0
2327,8.47,15.37,0,0
2328,8.47,15.37,0,0
2329,8.47,15.37,0,0
2330,8.47,15.37,0,0
2331,8.47,15.37,0,0
2332,8.47,15.37,0,0
2333,8.47,15.37,0,0
2334,8.47,15.37,0,0
2335,8.47,15.37,0,0
2336,8.47,15.37,0,0
2337,8.47,15.37,0,0
2338,8.47,15.37,0,0
2339,8.47,15.37,0,0
2340,8.47,15.37,0,0
2341,8.47,15.37,0,0
2342,8.47,15.37,0,0
2343,8.47,15.37,0,0
2344,8.47,15.37,0,0
2345,8.47,15.37,0,0
2346,8.47,15.37,0,0
2347,8.47,15.37,0,0
2348,8.47,15.37,0,0
2349,8.47,15.37,0,0
2350,8.47,15.37,0,0
2351,8.47,15.37,0,0
2352,8.47,15.37,0,0
2353,8.47,15.37,0,0
2354,8.47,15.37,0,0
2355,8.47,15.37,0,0
2356,8.47,15.37,0,0
2357,8.47,15.37,0,0
2358,8.47,15.37,0,0
2359,8.47,15.37,0,0
2360,8.47,15.37,0,0
2361,8.47,15.37,0,0
2362,8.47,15.37,0,0
2363,8.47,15.37,0,0
2364,8.47,15.37,0,0
2365,8.47,15.37,0,0
2366,8.47,15.37,0,0
2367,8.47,15.37,0,0
2368,8.47,15.37,0,0
2369,8.47,15.37,0,0
2370,8.47,15.37,0,0
2371,8.47,15.37,0,0
2372,8.47,15.37,0,0
2373,8.47,15.37,0,0
2374,8.47,15.37,0,0
2375,8.47,15.37,0,0
2376,8.47,15.37,0,0
2377,8.47,15.37,0,0
2378,8.47,15.37,0,0
2379,8.47,15.37,0,0
2380,8.47,15.37,0,0
2381,8.47,15.37,0,0
2382,8.47,15.37,0,0
2383,8.47,15.37,0,0
2384,8.47,15.37,0,0
2385,8.47,15.37,0,0
2386,8.47,15.37,0,0
2387,8.47,15.37,0,0
2388,8.47,15.37,0,0
2389,8.47,15.37,0,0
2390,8.47,15.37,0,0
2391,8.47,15.37,0,0
2392,8.47,15.37,0,0
2393,8.47,15.37,0,0
2394,8.47,15.37,0,0
2395,8.47,15.37,0,0
2396,8.47,15.37,0,0
2397,8.47,15.37,0,0
2398,8.47,15.37,0,0
2399,8.47,15.37,0,0
2400,8.47,15.37,0,0
2401,8.47,15.37,0,0
2402,8.47,15.37,0,0
2403,8.47,15.37,0,0
2404,8.47,15.37,0,0
2405,8.47,15.37,0,0
2406,8.47,15.37,0,0
2407,8.47,15.37,0,0
2408,8.47,15.37,0,0
2409,8.47,15.37,0,0
2410,8.47,15.37,0,0
2411,8.47,15.37,0,0
2412,8.47,15.37,0,0
2413,8.47,15.37,0,0
2414,8.47,15.37,0,0
2415,8.47,15.37,0,0
2416,8.47,15.37,0,0
2417,8.47,15.37,0,0
2418,8.47,15.37,0,0
2419,8.47,15.37,0,0
2420,8.47,15.37,0,0
2421,8.47,15.37,0,0
2422,8.47,15.37,0,0
2423,8.47,15.37,0,0
2424,8.47,15.37,0,0
2425,8.47,15.37,0,0
2426,8.47,15.37,0,0
2427,8.47,15.37,0,0
2428,8.47,15.37,0,0
2429,8.47,15.37,0,0
2430,8.47,15.37,0,0
2431,8.47,15.37,0,0
2432,8.47,15.37,0,0
2433,8.47,15.37,0,0
2434,8.47,15.37,0,0
2435,8.47,15.37,0,0
2436,8.47,15.37,0,0
2437,8.47,15.37,0,0
2438,8.47,15.37,0,0
2439,8.47,15.37,0,0
2440,8.47,15.37,0,0
2441,8.47,15.37,0,0
2442,8.47,15.37,0,0
2443,8.47,15.37,0,0
2444,8.47,15.37,0,0
2445,8.47,15.37,0,0
2446,8.47,15.37,0,0
2447,8.47,15.37,0,0
2448,8.47,15.37,0,0
2449,8.47,15.37,0,0
2450,8.47,15.37,0,0
2451,8.47,15.37,0,0
2452,8.47,15.37,0,0
2453,8.47,15.37,0,0
2454,8.47,15.37,0,0
2455,8.47,15.37,0,0
2456,8.47,15.37,0,0
2457,8.47,15.37,0,0
2458,8.47,15.37,0,0
2459,8.47,15.37,0,0
2460,8.47,15.37,0,0
2461,8.47,15.37,0,0
2462,8.47,15.37,0,0
2463,8.47,15.37,0,0
2464,8.47,15.37,0,0
2465,8.47,15.37,0,0
2466,8.47,15.37,0,0
2467,8.47,15.37,0,0
2468,8.47,15.37,0,0
2469,8.47,15.37,0,0
2470,8.47,15.37,0,0
2471,8.47,15.37,0,0
2472,8.47,15.37,0,0
2473,8.47,15.37,0,0
2474,8.47,15.37,0,0
2475,8.47,15.37,0,0
2476,8.47,15.37,0,0
2477,8.47,15.37,0,0
2478,8.47,15.37,0,0
2479,8.47,15.37,0,0
2480,8.47,15.37,0,0
2481,8.47,15.37,0,0
2482,8.47,15.37,0,0
2483,8.47,15.37,0,0
2484,8.47,15.37,0,0
2485,8.47,15.37,0,0
2486,8.47,15.37,0,0
2487,8.47,15.37,0,0
2488,8.47,15.37,0,0
2489,8.47,15.37,0,0
2490,8.47,15.37,0,0
2491,8.47,15.37,0,0
2492,8.47,15.37,0,0
2493,8.47,15.37,0,0
2494,8.47,15.37,0,0
2495,8.47,15.37,0,0
2496,8.47,15.37,0,0
2497,8.47,15.37,0,0
2498,8.47,15.37,0,0
2499,8.47,15.37,0,0
2500,8.47,15.37,0,0
2501,8.47,15.37,0,0
2502,8.47,15.37,0,0
2503,8.47,15.37,0,0
2504,8.47,15.37,0,0
2505,8.47,15.37,0,0
2506,8.47,15.37,0,0
2507,8.47,15.37,0,0
2508,8.47,15.37,0,0
2509,8.47,15.37,0,0
2510,8.47,15.37,0,0
2511,8.47,15.37,0,0
2512,8.47,15.37,0,0
2513,8.47,15.37,0,0
2514,8.47,15.37,0,0
2515,8.47,15.37,0,0
2516,8.47,15.37,0,0
2517,8.47,15.37,0,0
2518,8.47,15.37,0,0
2519,8.47,15.37,0,0
2520,8.47,15.37,0,0
2521,8.47,15.37,0,0
2522,8.47,15.37,0,0
2523,8.47,15.37,0,0
2524,8.47,15.37,0,0
2525,8.47,15.37,0,0
2526,8.47,15.37,0,0
2527,8.47,15.37,0,0
2528,8.47,15.37,0,0
2529,8.47,15.37,0,0
2530,8.47,15.37,0,0
2531,8.47,15.37,0,0
2532,8.47,15.37,0,0
2533,8.47,15.37,0,0
2534,8.47,15.37,0,0
2535,8.47,15.37,0,0
2536,8.47,15.37,0,0
2537,8.47,15.37,0,0
2538,8.47,15.37,0,0
2539,8.47,15.37,0,0
2540,8.47,15.37,0,0
2541,8.47,15.37,0,0
2542,8.47,15.37,0,0
2543,8.47,15.37,0,0
2544,8.47,15.37,0,0
2545,8.47,15.37,0,0
2546,8.47,15.37,0,0
2547,8.47,15.37,0,0
2548,8.47,15.37,0,0
2549,8.47,15.37,0,0
2550,8.47,15.37,0,0
2551,8.47,15.37,0,0
2552,8.47,15.37,0,0
2553,8.47,15.37,0,0
2554,8.47,15.37,0,0
2555,8.47,15.37,0,0
2556,8.47,15.37,0,0
2557,8.47,15.37,0,0
2558,8.47,15.37,0,0
2559,8.47,15.37,0,0
2560,8.47,15.37,0,0
2561,8.47,15.37,0,0
2562,8.47,15.37,0,0
2563,8.47,15.37,0,0
2564,8.47,15.37,0,0
2565,8.47,15.37,0,0
2566,8.47,15.37,0,0
2567,8.47,15.37,0,0
2568,8.47,15.37,0,0
2569,8.47,15.37,0,0
2570,8.47,15.37,0,0
2571,8.47,15.37,0,0
2572,8.47,15.37,0,0
2573,8.47,15.37,0,0
2574,8.47,15.37,0,0
2575,8.47,15.37,0,0
2576,8.47,15.37,0,0
2577,8.47,15.37,0,0
2578,8.47,15.37,0,0
2579,8.47,15.37,0,0
2580,8.47,15.37,0,0
2581,8.47,15.37,0,0
2582,8.47,15.37,0,0
2583,8.47,15.37,0,0
2584,8.47,15.37,0,0
2585,8.47,15.37,0,0
2586,8.47,15.37,0,0
2587,8.47,15.37,0,0
2588,8.47,15.37,0,0
2589,8.47,15.37,0,0
2590,8.47,15.37,0,0
2591,8.47,15.37,0,0
2592,8.47,15.37,0,0
2593,8.47,15.37,0,0
2594,8.47,15.37,0,0
2595,8.47,15.37,0,0
2596,8.47,15.37,0,0
2597,8.47,15.37,0,0
2598,8.47,15.37,0,0
2599,8.47,15.37,0,0
2600,8.47,15.37,0,0
2601,8.47,15.37,0,0
2602,8.47,15.37,0,0
2603,8.47,15.37,0,0
2604,8.47,15.37,0,0
2605,8.47,15.37,0,0
2606,8.47,15.37,0,0
2607,8.47,15.37,0,0
2608,8.47,15.37,0,0
2609,8.47,15.37,0,0
2610,8.47,15.37,0,0
2611,8.47,15.37,0,0
2612,8.47,15.37,0,0
2613,8.47,15.37,0,0
2614,8.47,15.37,0,0
2615,8.47,15.37,0,0
2616,8.47,15.37,0,0
2617,8.47,15.37,0,0
2618,8.47,15.37,0,0
2619,8.47,15.37,0,0
2620,8.47,15.37,0,0
2621,8.47,15.37,0,0
2622,8.47,15.37,0,0
2623,8.47,15.37,0,0
2624,8.47,15.37,0,0
2625,8.47,15.37,0,0
2626,8.47,15.37,0,0
2627,8.47,15.37,0,0
2628,8.47,15.37,0,0
2629,8.47,15.37,0,0
2630,8.47,15.37,0,0
2631,8.47,15.37,0,0
2632,8.47,15.37,0,0
2633,8.47,15.37,0,0
2634,8.47,15.37,0,0
2635,8.47,15.37,0,0
2636,8.47,15.37,0,0
2637,8.47,15.37,0,0
2638,8.47,15.37,0,0
2639,8.47,15.37,0,0
2640,8.47,15.37,0,0
2641,8.47,15.37,0,0
2642,8.47,15.37,0,0
2643,8.47,15.37,0,0
2644,8.47,15.37,0,0
2645,8.47,15.37,0,0
2646,8.47,15.37,0,0
2647,8.47,15.37,0,0
2648,8.47,15.37,0,0
2649,8.47,15.37,0,0
2650,8.47,15.37,0,0
2651,8.47,15.37,0,0
2652,8.47,15.37,0,0
2653,8.47,15.37,0,0
2654,8.47,15.37,0,0
2655,8.47,15.37,0,0
2656,8.47,15.37,0,0
2657,8.47,15.37,0,0
2658,8.47,15.37,0,0
2659,8.47,15.37,0,0
2660,8.47,15.37,0,0
2661,8.47,15.37,0,0
2662,8.47,15.37,0,0
2663,8.47,15.37,0,0
2664,8.47,15.37,0,0
2665,8.47,15.37,0,0
2666,8.47,15.37,0,0
2667,8.47,15.37,0,0
2668,8.47,15.37,0,0
2669,8.47,15.37,0,0
2670,8.47,15.37,0,0
2671,8.47,15.37,0,0
2672,8.47,15.37,0,0
2673,8.47,15.37,0,0
2674,8.47,15.37,0,0
2675,8.47,15.37,0,0
2676,8.47,15.37,0,0
2677,8.47,15.37,0,0
2678,8.47,15.37,0,0
2679,8.47,15.37,0,0
2680,8.47,15.37,0,0
2681,8.47,15.37,0,0
2682,8.47,15.37,0,0
2683,8.47,15.37,0,0
2684,8.47,15.37,0,0
2685,8.47,15.37,0,0
2686,8.47,15.37,0,0
2687,8.47,15.37,0,0
2688,8.47,15.37,0,0
2689,8.47,15.37,0,0
2690,8.47,15.37,0,0
2691,8.47,15.37,0,0
2692,8.47,15.37,0,0
2693,8.47,15.37,0,0
2694,8.47,15.37,0,0
2695,8.47,15.37,0,0
2696,8.47,15.37,0,0
2697,8.47,15.37,0,0
2698,8.47,15.37,0,0
2699,8.47,15.37,0,0
2700,8.47,15.37,0,0
2701,8.47,15.37,0,0
2702,8.47,15.37,0,0
2703,8.47,15.37,0,0
2704,8.47,15.37,0,0
2705,8.47,15.37,0,0
2706,8.47,15.37,0,0
2707,8.47,15.37,0,0
2708,8.47,15.37,0,0
2709,8.47,15.37,0,0
2710,8.47,15.37,0,0
2711,8.47,15.37,0,0
2712,8.47,15.37,0,0
2713,8.47,15.37,0,0
2714,8.47,15.37,0,0
2715,8.47,15.37,0,0
2716,8.47,15.37,0,0
2717,8.47,15.37,0,0
2718,8.47,15.37,0,0
2719,8.47,15.37,0,0
2720,8.47,15.37,0,0
2721,8.47,15.37,0,0
2722,8.47,15.37,0,0
2723,8.47,15.37,0,0
2724,8.47,15.37,0,0
2725,8.47,15.37,0,0
2726,8.47,15.37,0,0
2727,8.47,15.37,0,0
2728,8.47,15.37,0,0
2729,8.47,15.37,0,0
2730,8.47,15.37,0,0
2731,8.47,15.37,0,0
2732,8.47,15.37,0,0
2733,8.47,15.37,0,0
2734,8.47,15.37,0,0
2735,8.47,15.37,0,0
2736,8.47,15.37,0,0
2737,8.47,15.37,0,0
2738,8.47,15.37,0,0
2739,8.47,15.37,0,0
2740,8.47,15.37,0,0
2741,8.47,15.37,0,0
2742,8.47,15.37,0,0
2743,8.47,15.37,0,0
2744,8.47,15.37,0,0
2745,8.47,15.37,0,0
2746,8.47,15.37,0,0
2747,8.47,15.37,0,0
2748,8.47,15.37,0,0
2749,8.47,15.37,0,0
2750,8.47,15.37,0,0
2751,8.47,15.37,0,0
2752,8.47,15.37,0,0
2753,8.47,15.37,0,0
2754,8.47,15.37,0,0
2755,8.47,15.37,0,0
2756,8.47,15.37,0,0
2757,8.47,15.37,0,0
2758,8.47,15.37,0,0
2759,8.47,15.37,0,0
2760,8.47,15.37,0,0
2761,8.47,15.37,0,0
2762,8.47,15.37,0,0
2763,8.47,15.37,0,0
2764,8.47,15.37,0,0
2765,8.47,15.37,0,0
2766,8.47,15.37,0,0
2767,8.47,15.37,0,0
2768,8.47,15.37,0,0
2769,8.47,15.37,0,0
2770,8.47,15.37,0,0
2771,8.47,15.37,0,0
2772,8.47,15.37,0,0
2773,8.47,15.37,0,0
2774,8.47,15.37,0,0
2775,8.47,15.37,0,0
2776,8.47,15.37,0,0
2777,8.47,15.37,0,0
2778,8.47,15.37,0,0
2779,8.47,15.37,0,0
2780,8.47,15.37,0,0
2781,8.47,15.37,0,0
2782,8.47,15.37,0,0
2783,8.47,15.37,0,0
2784,8.47,15.37,0,0
2785,8.47,15.37,0,0
2786,8.47,15.37,0,0
2787,8.47,15.37,0,0
2788,8.47,15.37,0,0
2789,8.47,15.37,0,0
2790,8.47,15.37,0,0
2791,8.47,15.37,0,0
2792,8.47,15.37,0,0
2793,8.47,15.37,0,0
2794,8.47,15.37,0,0
2795,8.47,15.37,0,0
2796,8.47,15.37,0,0
2797,8.47,15.37,0,0
2798,8.47,15.37,0,0
2799,8.47,15.37,0,0
2800,8.47,15.37,0,0
2801,8.47,15.37,0,0
2802,8.47,15.37,0,0
2803,8.47,15.37,0,0
2804,8.47,15.37,0,0
2805,8.47,15.37,0,0
2806,8.47,15.37,0,0
2807,8.47,15.37,0,0
2808,8.47,15.37,0,0
2809,8.47,15.37,0,0
2810,8.47,15.37,0,0
2811,8.47,15.37,0,0
2812,8.47,15.37,0,0
2813,8.47,15.37,0,0
2814,8.47,15.37,0,0
2815,8.47,15.37,0,0
2816,8.47,15.37,0,0
2817,8.47,15.37,0,0
2818,8.47,15.37,0,0
2819,8.47,15.37,0,0
2820,8.47,15.37,0,0
2821,8.47,15.37,0,0
2822,8.47,15.37,0,0
2823,8.47,15.37,0,0
2824,8.47,15.37,0,0
2825,8.47,15.37,0,0
2826,8.47,15.37,0,0
2827,8.47,15.37,0,0
2828,8.47,15.37,0,0
2829,8.47,15.37,0,0
2830,8.47,15.37,0,0
2831,8.47,15.37,0,0
2832,8.47,15.37,0,0
2833,8.47,15.37,0,0
2834,8.47,15.37,0,0
2835,8.47,15.37,0,0
2836,8.47,15.37,0,0
2837,8.47,15.37,0,0
2838,8.47,15.37,0,0
2839,8.47,15.37,0,0
2840,8.47,15.37,0,0
2841,8.47,15.37,0,0
2842,8.47,15.37,0,0
2843,8.47,15.37,0,0
2844,8.47,15.37,0,0
2845,8.47,15.37,0,0
2846,8.47,15.37,0,0
2847,8.47,15.37,0,0
2848,8.47,15.37,0,0
2849,8.47,15.37,0,0
2850,8.47,15.37,0,0
2851,8.47,15.37,0,0
2852,8.47,15.37,0,0
2853,8.47,15.37,0,0
2854,8.47,15.37,0,0
2855,8.47,15.37,0,0
2856,8.47,15.37,0,0
2857,8.47,15.37,0,0
2858,8.47,15.37,0,0
2859,8.47,15.37,0,0
2860,8.47,15.37,0,0
2861,8.47,15.37,0,0
2862,8.47,15.37,0,0
2863,8.47,15.37,0,0
2864,8.47,15.37,0,0
2865,8.47,15.37,0,0
2866,8.47,15.37,0,0
2867,8.47,15.37,0,0
2868,8.47,15.37,0,0
2869,8.47,15.37,0,0
2870,8.47,15.37,0,0
2871,8.47,15.37,0,0
2872,8.47,15.37,0,0
2873,8.47,15.37,0,0
2874,8.47,15.37,0,0
2875,8.47,15.37,0,0
2876,8.47,15.37,0,0
2877,8.47,15.37,0,0
2878,8.47,15.37,0,0
2879,8.47,15.37,0,0
2880,8.47,15.37,0,0
2881,8.47,15.37,0,0
2882,8.47,15.37,0,0
2883,8.47,15.37,0,0
2884,8.47,15.37,0,0
2885,8.47,15.37,0,0
2886,8.47,15.37,0,0
2887,8.47,15.37,0,0
2888,8.47,15.37,0,0
2889,8.47,15.37,0,0
2890,8.47,15.37,0,0
2891,8.47,15.37,0,0
2892,8.47,15.37,0,0
2893,8.47,15.37,0,0
2894,8.47,15.37,0,0
2895,8.47,15.37,0,0
2896,8.47,15.37,0,0
2897,8.47,15.37,0,0
2898,8.47,15.37,0,0
2899,8.47,15.37,0,0
2900,8.47,15.37,0,0
2901,8.47,15.37,0,0
2902,8.47,15.37,0,0
2903,8.47,15.37,0,0
2904,8.47,15.37,0,0
2905,8.47,15.37,0,0
2906,8.47,15.37,0,0
2907,8.47,15.37,0,0
2908,8.47,15.37,0,0
2909,8.47,15.37,0,0
2910,8.47,15.37,0,0
2911,8.47,15.37,0,0
2912,8.47,15.37,0,0
2913,8.47,15.37,0,0
2914,8.47,15.37,0,0
2915,8.47,15.37,0,0
2916,8.47,15.37,0,0
2917,8.47,15.37,0,0
2918,8.47,15.37,0,0
2919,8.47,15.37,0,0
2920,8.47,15.37,0,0
2921,8.47,15.37,0,0
2922,8.47,15.37,0,0
2923,8.47,15.37,0,0
2924,8.47,15.37,0,0
2925,8.47,15.37,0,0
2926,8.47,15.37,0,0
2927,8.47,15.37,0,0
2928,8.47,15.37,0,0
2929,8.47,15.37,0,0
2930,8.47,15.37,0,0
2931,8.47,15.37,0,0
2932,8.47,15.37,0,0
2933,8.47,15.37,0,0
2934,8.47,15.37,0,0
2935,8.47,15.37,0,0
2936,8.47,15.37,0,0
2937,8.47,15.37,0,0
2938,8.47,15.37,0,0
2939,8.47,15.37,0,0
2940,8.47,15.37,0,0
2941,8.47,15.37,0,0
2942,8.47,15.37,0,0
2943,8.47,15.37,0,0
2944,8.47,15.37,0,0
2945,8.47,15.37,0,0
2946,8.47,15.37,0,0
2947,8.47,15.37,0,0
2948,8.47,15.37,0,0
2949,8.47,15.37,0,0
2950,8.47,15.37,0,0
2951,8.47,15.37,0,0
2952,8.47,15.37,0,0
2953,8.47,15.37,0,0
2954,8.47,15.37,0,0
2955,8.47,15.37,0,0
2956,8.47,15.37,0,0
2957,8.47,15.37,0,0
2958,8.47,15.37,0,0
2959,8.47,15.37,0,0
2960,8.47,15.37,0,0
2961,8.47,15.37,0,0
2962,8.47,15.37,0,0
2963,8.47,15.37,0,0
2964,8.47,15.37,0,0
2965,8.47,15.37,0,0
2966,8.47,15.37,0,0
2967,8.47,15.37,0,0
2968,8.47,15.37,0,0
2969,8.47,15.37,0,0
2970,8.47,15.37,0,0
2971,8.47,15.37,0,0
2972,8.47,15.37,0,0
2973,8.47,15.37,0,0
2974,8.47,15.37,0,0
2975,8.47,15.37,0,0
2976,8.47,15.37,0,0
2977,8.47,15.37,0,0
2978,8.47,15.37,0,0
2979,8.47,15.37,0,0
2980,8.47,15.37,0,0
2981,8.47,15.37,0,0
2982,8.47,15.37,0,0
2983,8.47,15.37,0,0
2984,8.47,15.37,0,0
2985,8.47,15.37,0,0
2986,8.47,15.37,0,0
2987,8.47,15.37,0,0
2988,8.47,15.37,0,0
2989,8.47,15.37,0,0
2990,8.47,15.37,0,0
2991,8.47,15.37,0,0
2992,8.47,15.37,0,0
2993,8.47,15.37,0,0
2994,8.47,15.37,0,0
2995,8.47,15.37,0,0
2996,8.47,15.37,0,0
2997,8.47,15.37,0,0
2998,8.47,15.37,0,0
2999,8.47,15.37,0,0
3000,8.47,15.37,0,0
3001,8.47,15.37,0,0
3002,8.47,15.37,0,0
3003,8.47,15.37,0,0
3004,8.47,15.37,0,0
3005,8.47,15.37,0,0
3006,8.47,15.37,0,0
3007,8.47,15.37,0,0
3008,8.47,15.37,0,0
3009,8.47,15.37,0,0
3010,8.47,15.37,0,0
3011,8.47,15.37,0,0
3012,8.47,15.37,0,0
3013,8.47,15.37,0,0
3014,8.47,15.37,0,0
3015,8.47,15.37,0,0
3016,8.47,15.37,0,0
3017,8.47,15.37,0,0
3018,8.47,15.37,0,0
3019,8.47,15.37,0,0
3020,8.47,15.37,0,0
3021,8.47,15.37,0,0
3022,8.47,15.37,0,0
3023,8.47,15.37,0,0
3024,8.47,15.37,0,0
3025,8.47,15.37,0,0
3026,8.47,15.37,0,0
3027,8.47,15.37,0,0
3028,8.47,15.37,0,0
3029,8.47,15.37,0,0
3030,8.47,15.37,0,0
3031,8.47,15.37,0,0
3032,8.47,15.37,0,0
3033,8.47,15.37,0,0
3034,8.47,15.37,0,0
3035,8.47,15.37,0,0
3036,8.47,15.37,0,0
3037,8.47,15.37,0,0
3038,8.47,15.37,0,0
3039,8.47,15.37,0,0
3040,8.47,15.37,0,0
3041,8.47,15.37,0,0
3042,8.47,15.37,0,0
3043,8.47,15.37,0,0
3044,8.47,15.37,0,0
3045,8.47,15.37,0,0
3046,8.47,15.37,0,0
3047,8.47,15.37,0,0
3048,8.47,15.37,0,0
3049,8.47,15.37,0,0
3050,8.47,15.37,0,0
3051,8.47,15.37,0,0
3052,8.47,15.37,0,0
3053,8.47,15.37,0,0
3054,8.47,15.37,0,0
3055,8.47,15.37,0,0
3056,8.47,15.37,0,0
3057,8.47,15.37,0,0
3058,8.47,15.37,0,0
3059,8.47,15.37,0,0
3060,8.47,15.37,0,0
3061,8.47,15.37,0,0
3062,8.47,15.37,0,0
3063,8.47,15.37,0,0
3064,8.47,15.37,0,0
3065,8.47,15.37,0,0
3066,8.47,15.37,0,0
3067,8.47,15.37,0,0
3068,8.47,15.37,0,0
3069,8.47,15.37,0,0
3070,8.47,15.37,0,0
3071,8.47,15.37,0,0
3072,8.47,15.37,0,0
3073,8.47,15.37,0,0
3074,8.47,15.37,0,0
3075,8.47,15.37,0,0
3076,8.47,15.37,0,0
3077,8.47,15.37,0,0
3078,8.47,15.37,0,0
3079,8.47,15.37,0,0
3080,8.47,15.37,0,0
3081,8.47,15.37,0,0
3082,8.47,15.37,0,0
3083,8.47,15.37,0,0
3084,8.47,15.37,0,0
3085,8.47,15.37,0,0
3086,8.47,15.37,0,0
3087,8.47,15.37,0,0
3088,8.47,15.37,0,0
3089,8.47,15.37,0,0
3090,8.47,15.37,0,0
3091,8.47,15.37,0,0
3092,8.47,15.37,0,0
3093,8.47,15.37,0,0
3094,8.47,15.37,0,0
3095,8.47,15.37,0,0
3096,8.47,15.37,0,0
3097,8.47,15.37,0,0
3098,8.47,15.37,0,0
3099,8.47,15.37,0,0
3100,8.47,15.37,0,0
3101,8.47,15.37,0,0
3102,8.47,15.37,0,0
3103,8.47,15.37,0,0
3104,8.47,15.37,0,0
3105,8.47,15.37,0,0
3106,8.47,15.37,0,0
3107,8.47,15.37,0,0
3108,8.47,15.37,0,0
3109,8.47,15.37,0,0
3110,8.47,15.37,0,0
3111,8.47,15.37,0,0
3112,8.47,15.37,0,0
3113,8.47,15.37,0,0
3114,8.47,15.37,0,0
3115,8.47,15.37,0,0
3116,8.47,15.37,0,0
3117,8.47,15.37,0,0
3118,8.47,15.37,0,0
3119,8.47,15.37,0,0
3120,8.47,15.37,0,0
3121,8.47,15.37,0,0
3122,8.47,15.37,0,0
3123,8.47,15.37,0,0
3124,8.47,15.37,0,0
3125,8.47,15.37,0,0
3126,8.47,15.37,0,0
3127,8.47,15.37,0,0
3128,8.47,15.37,0,0
3129,8.47,15.37,0,0
3130,8.47,15.37,0,0
3131,8.47,15.37,0,0
3132,8.47,15.37,0,0
3133,8.47,15.37,0,0
3134,8.47,15.37,0,0
3135,8.47,15.37,0,0
3136,8.47,15.37,0,0
3137,8.47,15.37,0,0
3138,8.47,15.37,0,0
3139,8.47,15.37,0,0
3140,8.47,15.37,0,0
3141,8.47,15.37,0,0
3142,8.47,15.37,0,0
3143,8.47,15.37,0,0
3144,8.47,15.37,0,0
3145,8.47,15.37,0,0
3146,8.47,15.37,0,0
3147,8.47,15.37,0,0
3148,8.47,15.37,0,0
3149,8.47,15.37,0,0
3150,8.47,15.37,0,0
3151,8.47,15.37,0,0
3152,8.47,15.37,0,0
3153,8.47,15.37,0,0
3154,8.47,15.37,0,0
3155,8.47,15.37,0,0
3156,8.47,15.37,0,0
3157,8.47,15.37,0,0
3158,8.47,15.37,0,0
3159,8.47,15.37,0,0
3160,8.47,15.37,0,0
3161,8.47,15.37,0,0
3162,8.47,15.37,0,0
3163,8.47,15.37,0,0
3164,8.47,15.37,0,0
3165,8.47,15.37,0,0
3166,8.47,15.37,0,0
3167,8.47,15.37,0,0
3168,8.47,15.37,0,0
3169,8.47,15.37,0,0
3170,8.47,15.37,0,0
3171,8.47,15.37,0,0
3172,8.47,15.37,0,0
3173,8.47,15.37,0,0
3174,8.47,15.37,0,0
3175,8.47,15.37,0,0
3176,8.47,15.37,0,0
3177,8.47,15.37,0,0
3178,8.47,15.37,0,0
3179,8.47,15.37,0,0
3180,8.47,15.37,0,0
3181,8.47,15.37,0,0
3182,8.47,15.37,0,0
3183,8.47,15.37,0,0
3184,8.47,15.37,0,0
3185,8.47,15.37,0,0
3186,8.47,15.37,0,0
3187,8.47,15.37,0,0
3188,8.47,15.37,0,0
3189,8.47,15.37,0,0
3190,8.47,15.37,0,0
3191,8.47,15.37,0,0
3192,8.47,15.37,0,0
3193,8.47,15.37,0,0
3194,8.47,15.37,0,0
3195,8.47,15.37,0,0
3196,8.47,15.37,0,0
3197,8.47,15.37,0,0
3198,8.47,15.37,0,0
3199,8.47,15.37,0,0
3200,8.47,15.37,0,0
3201,8.47,15.37,0,0
3202,8.47,15.37,0,0
3203,8.47,15.37,0,0
3204,8.47,15.37,0,0
3205,8.47,15.37,0,0
3206,8.47,15.37,0,0
3207,8.47,15.37,0,0
3208,8.47,15.37,0,0
3209,8.47,15.37,0,0
3210,8.47,15.37,0,0
3211,8.47,15.37,0,0
3212,8.47,15.37,0,0
3213,8.47,15.37,0,0
3214,8.47,15.37,0,0
3215,8.47,15.37,0,0
3216,8.47,15.37,0,0
3217,8.47,15.37,0,0
3218,8.47,15.37,0,0
3219,8.47,15.37,0,0
3220,8.47,15.37,0,0
3221,8.47,15.37,0,0
3222,8.47,15.37,0,0
3223,8.47,15.37,0,0
3224,8.47,15.37,0,0
3225,8.47,15.37,0,0
3226,8.47,15.37,0,0
3227,8.47,15.37,0,0
3228,8.47,15.37,0,0
3229,8.47,15.37,0,0
3230,8.47,15.37,0,0
3231,8.47,15.37,0,0
3232,8.47,15.37,0,0
3233,8.47,15.37,0,0
3234,8.47,15.37,0,0
3235,8.47,15.37,0,0
3236,8.47,15.37,0,0
3237,8.47,15.37,0,0
3238,8.47,15.37,0,0
3239,8.47,15.37,0,0
3240,8.47,15.37,0,0
3241,8.47,15.37,0,0
3242,8.47,15.37,0,0
3243,8.47,15.37,0,0
3244,8.47,15.37,0,0
3245,8.47,15.37,0,0
3246,8.47,15.37,0,0
3247,8.47,15.37,0,0
3248,8.47,15.37,0,0
3249,8.47,15.37,0,0
3250,8.47,15.37,0,0
3251,8.47,15.37,0,0
3252,8.47,15.37,0,0
3253,8.47,15.37,0,0
3254,8.47,15.37,0,0
3255,8.47,15.37,0,0
3256,8.47,15.37,0,0
3257,8.47,15.37,0,0
3258,8.47,15.37,0,0
3259,8.47,15.37,0,0
3260,8.47,15.37,0,0
3261,8.47,15.37,0,0
3262,8.47,15.37,0,0
3263,8.47,15.37,0,0
3264,8.47,15.37,0,0
3265,8.47,15.37,0,0
3266,8.47,15.37,0,0
3267,8.47,15.37,0,0
3268,8.47,15.37,0,0
3269,8.47,15.37,0,0
3270,8.47,15.37,0,0
3271,8.47,15.37,0,0
3272,8.47,15.37,0,0
3273,8.47,15.37,0,0
3274,8.47,15.37,0,0
3275,8.47,15.37,0,0
3276,8.47,15.37,0,0
3277,8.47,15.37,0,0
3278,8.47,15.37,0,0
3279,8.47,15.37,0,0
3280,8.47,15.37,0,0
3281,8.47,15.37,0,0
3282,8.47,15.37,0,0
3283,8.47,15.37,0,0
3284,8.47,15.37,0,0
3285,8.47,15.37,0,0
3286,8.47,15.37,0,0
3287,8.47,15.37,0,0
3288,8.47,15.37,0,0
3289,8.47,15.37,0,0
3290,8.47,15.37,0,0
3291,8.47,15.37,0,0
3292,8.47,15.37,0,0
3293,8.47,15.37,0,0
3294,8.47,15.37,0,0
3295,8.47,15.37,0,0
3296,8.47,15.37,0,0
3297,8.47,15.37,0,0
3298,8.47,15.37,0,0
3299,8.47,15.37,0,0
3300,8.47,15.37,0,0
3301,8.47,15.37,0,0
3302,8.47,15.37,0,0
3303,8.47,15.37,0,0
3304,8.47,15.37,0,0
3305,8.47,15.37,0,0
3306,8.47,15.37,0,0
3307,8.47,15.37,0,0
3308,8.47,15.37,0,0
3309,8.47,15.37,0,0
3310,8.47,15.37,0,0
3311,8.47,15.37,0,0
3312,8.47,15.37,0,0
3313,8.47,15.37,0,0
3314,8.47,15.37,0,0
3315,8.47,15.37,0,0
3316,8.47,15.37,0,0
3317,8.47,15.37,0,0
3318,8.47,15.37,0,0
3319,8.47,15.37,0,0
3320,8.47,15.37,0,0
3321,8.47,15.37,0,0
3322,8.47,15.37,0,0
3323,8.47,15.37,0,0
3324,8.47,15.37,0,0
3325,8.47,15.37,0,0
3326,8.47,15.37,0,0
3327,8.47,15.37,0,0
3328,8.47,15.37,0,0
3329,8.47,15.37,0,0
3330,8.47,15.37,0,0
3331,8.47,15.37,0,0
3332,8.47,15.37,0,0
3333,8.47,15.37,0,0
3334,8.47,15.37,0,0
3335,8.47,15.37,0,0
3336,8.47,15.37,0,0
3337,8.47,15.37,0,0
3338,8.47,15.37,0,0
3339,8.47,15.37,0,0
3340,8.47,15.37,0,0
3341,8.47,15.37,0,0
3342,8.47,15.37,0,0
3343,8.47,15.37,0,0
3344,8.47,15.37,0,0
3345,8.47,15.37,0,0
3346,8.47,15.37,0,0
3347,8.47,15.37,0,0
3348,8.47,15.37,0,0
3349,8.47,15.37,0,0
3350,8.47,15.37,0,0
3351,8.47,15.37,0,0
3352,8.47,15.37,0,0
3353,8.47,15.37,0,0
3354,8.47,15.37,0,0
3355,8.47,15.37,0,0
3356,8.47,15.37,0,0
3357,8.47,15.37,0,0
3358,8.47,15.37,0,0
3359,8.47,15.37,0,0
3360,8.47,15.37,0,0
3361,8.47,15.37,0,0
3362,8.47,15.37,0,0
3363,8.47,15.37,0,0
3364,8.47,15.37,0,0
3365,8.47,15.37,0,0
3366,8.47,15.37,0,0
3367,8.47,15.37,0,0
3368,8.47,15.37,0,0
3369,8.47,15.37,0,0
3370,8.47,15.37,0,0
3371,8.47,15.37,0,0
3372,8.47,15.37,0,0
3373,8.47,15.37,0,0
3374,8.47,15.37,0,0
3375,8.47,15.37,0,0
3376,8.47,15.37,0,0
3377,8.47,15.37,0,0
3378,8.47,15.37,0,0
3379,8.47,15.37,0,0
3380,8.47,15.37,0,0
3381,8.47,15.37,0,0
3382,8.47,15.37,0,0
3383,8.47,15.37,0,0
3384,8.47,15.37,0,0
3385,8.47,15.37,0,0
3386,8.47,15.37,0,0
3387,8.47,15.37,0,0
3388,8.47,15.37,0,0
3389,8.47,15.37,0,0
3390,8.47,15.37,0,0
3391,8.47,15.37,0,0
3392,8.47,15.37,0,0
3393,8.47,15.37,0,0
3394,8.47,15.37,0,0
3395,8.47,15.37,0,0
3396,8.47,15.37,0,0
3397,8.47,15.37,0,0
3398,8.47,15.37,0,0
3399,8.47,15.37,0,0
3400,8.47,15.37,0,0
3401,8.47,15.37,0,0
3402,8.47,15.37,0,0
3403,8.47,15.37,0,0
3404,8.47,15.37,0,0
3405,8.47,15.37,0,0
3406,8.47,15.37,0,0
3407,8.47,15.37,0,0
3408,8.47,15.37,0,0
3409,8.47,15.37,0,0
3410,8.47,15.37,0,0
3411,8.47,15.37,0,0
3412,8.47,15.37,0,0
3413,8.47,15.37,0,0
3414,8.47,15.37,0,0
3415,8.47,15.37,0,0
3416,8.47,15.37,0,0
3417,8.47,15.37,0,0
3418,8.47,15.37,0,0
3419,8.47,15.37,0,0
3420,8.47,15.37,0,0
3421,8.47,15.37,0,0
3422,8.47,15.37,0,0
3423,8.47,15.37,0,0
3424,8.47,15.37,0,0
3425,8.47,15.37,0,0
3426,8.47,15.37,0,0
3427,8.47,15.37,0,0
3428,8.47,15.37,0,0
3429,8.47,15.37,0,0
3430,8.47,15.37,0,0
3431,8.47,15.37,0,0
3432,8.47,15.37,0,0
3433,8.47,15.37,0,0
3434,8.47,15.37,0,0
3435,8.47,15.37,0,0
3436,8.47,15.37,0,0
3437,8.47,15.37,0,0
3438,8.47,15.37,0,0
3439,8.47,15.37,0,0
3440,8.47,15.37,0,0
3441,8.47,15.37,0,0
3442,8.47,15.37,0,0
3443,8.47,15.37,0,0
3444,8.47,15.37,0,0
3445,8.47,15.37,0,0
3446,8.47,15.37,0,0
3447,8.47,15.37,0,0
3448,8.47,15.37,0,0
3449,8.47,15.37,0,0
3450,8.47,15.37,0,0
3451,8.47,15.37,0,0
3452,8.47,15.37,0,0
3453,8.47,15.37,0,0
3454,8.47,15.37,0,0
3455,8.47,15.37,0,0
3456,8.47,15.37,0,0
3457,8.47,15.37,0,0
3458,8.47,15.37,0,0
3459,8.47,15.37,0,0
3460,8.47,15.37,0,0
3461,8.47,15.37,0,0
3462,8.47,15.37,0,0
3463,8.47,15.37,0,0
3464,8.47,15.37,0,0
3465,8.47,15.37,0,0
3466,8.47,15.37,0,0
3467,8.47,15.37,0,0
3468,8.47,15.37,0,0
3469,8.47,15.37,0,0
3470,8.47,15.37,0,0
3471,8.47,15.37,0,0
3472,8.47,15.37,0,0
3473,8.47,15.37,0,0
3474,8.47,15.37,0,0
3475,8.47,15.37,0,0
3476,8.47,15.37,0,0
3477,8.47,15.37,0,0
3478,8.47,15.37,0,0
3479,8.47,15.37,0,0
3480,8.47,15.37,0,0
3481,8.47,15.37,0,0
3482,8.47,15.37,0,0
3483,8.47,15.37,0,0
3484,8.47,15.37,0,0
3485,8.47,15.37,0,0
3486,8.47,15.37,0,0
3487,8.47,15.37,0,0
3488,8.47,15.37,0,0
3489,8.47,15.37,0,0
3490,8.47,15.37,0,0
3491,8.47,15.37,0,0
3492,8.47,15.37,0,0
3493,8.47,15.37,0,0
3494,8.47,15.37,0,0
3495,8.47,15.37,0,0
3496,8.47,15.37,0,0
3497,8.47,15.37,0,0
3498,8.47,15.37,0,0
3499,8.47,15.37,0,0
3500,8.47,15.37,0,0
3501,8.47,15.37,0,0
3502,8.47,15.37,0,0
3503,8.47,15.37,0,0
3504,8.47,15.37,0,0
3505,8.47,15.37,0,0
3506,8.47,15.37,0,0
3507,8.47,15.37,0,0
3508,8.47,15.37,0,0
3509,8.47,15.37,0,0
3510,8.47,15.37,0,0
3511,8.47,15.37,0,0
3512,8.47,15.37,0,0
3513,8.47,15.37,0,0
3514,8.47,15.37,0,0
3515,8.47,15.37,0,0
3516,8.47,15.37,0,0
3517,8.47,15.37,0,0
3518,8.47,15.37,0,0
3519,8.47,15.37,0,0
3520,8.47,15.37,0,0
3521,8.47,15.37,0,0
3522,8.47,15.37,0,0
3523,8.47,15.37,0,0
3524,8.47,15.37,0,0
3525,8.47,15.37,0,0
3526,8.47,15.37,0,0
3527,8.47,15.37,0,0
3528,8.47,15.37,0,0
3529,8.47,15.37,0,0
3530,8.47,15.37,0,0
3531,8.47,15.37,0,0
3532,8.47,15.37,0,0
3533,8.47,15.37,0,0
3534,8.47,15.37,0,0
3535,8.47,15.37,0,0
3536,8.47,15.37,0,0
3537,8.47,15.37,0,0
3538,8.47,15.37,0,0
3539,8.47,15.37,0,0
3540,8.47,15.37,0,0
3541,8.47,15.37,0,0
3542,8.47,15.37,0,0
3543,8.47,15.37,0,0
3544,8.47,15.37,0,0
3545,8.47,15.37,0,0
3546,8.47,15.37,0,0
3547,8.47,15.37,0,0
3548,8.47,15.37,0,0
3549,8.47,15.37,0,0
3550,8.47,15.37,0,0
3551,8.47,15.37,0,0
3552,8.47,15.37,0,0
3553,8.47,15.37,0,0
3554,8.47,15.37,0,0
3555,8.47,15.37,0,0
3556,8.47,15.37,0,0
3557,8.47,15.37,0,0
3558,8.47,15.37,0,0
3559,8.47,15.37,0,0
3560,8.47,15.37,0,0
3561,8.47,15.37,0,0
3562,8.47,15.37,0,0
3563,8.47,15.37,0,0
3564,8.47,15.37,0,0
3565,8.47,15.37,0,0
3566,8.47,15.37,0,0
3567,8.47,15.37,0,0
3568,8.47,15.37,0,0
3569,8.47,15.37,0,0
3570,8.47,15.37,0,0
3571,8.47,15.37,0,0
3572,8.47,15.37,0,0
3573,8.47,15.37,0,0
3574,8.47,15.37,0,0
3575,8.47,15.37,0,0
3576,8.47,15.37,0,0
3577,8.47,15.37,0,0
3578,8.47,15.37,0,0
3579,8.47,15.37,0,0
3580,8.47,15.37,0,0
3581,8.47,15.37,0,0
3582,8.47,15.37,0,0
3583,8.47,15.37,0,0
3584,8.47,15.37,0,0
3585,8.47,15.37,0,0
3586,8.47,15.37,0,0
3587,8.47,15.37,0,0
3588,8.47,15.37,0,0
3589,8.47,15.37,0,0
3590,8.47,15.37,0,0
3591,8.47,15.37,0,0
3592,8.47,15.37,0,0
3593,8.47,15.37,0,0
3594,8.47,15.37,0,0
3595,8.47,15.37,0,0
3596,8.47,15.37,0,0
3597,8.47,15.37,0,0
3598,8.47,15.37,0,0
3599,8.47,15.37,0,0
3600,8.47,15.37,0,0
3601,8.47,15.37,0,0
3602,8.47,15.37,0,0
3603,8.47,15.37,0,0
3604,8.47,15.37,0,0
3605,8.47,15.37,0,0
3606,8.47,15.37,0,0
3607,8.47,15.37,0,0
3608,8.47,15.37,0,0
3609,8.47,15.37,0,0
3610,8.47,15.37,0,0
3611,8.47,15.37,0,0
3612,8.47,15.37,0,0
3613,8.47,15.37,0,0
3614,8.47,15.37,0,0
3615,8.47,15.37,0,0
3616,8.47,15.37,0,0
3617,8.47,15.37,0,0
3618,8.47,15.37,0,0
3619,8.47,15.37,0,0
3620,8.47,15.37,0,0
3621,8.47,15.37,0,0
3622,8.47,15.37,0,0
3623,8.47,15.37,0,0
3624,8.47,15.37,0,0
3625,8.47,15.37,0,0
3626,8.47,15.37,0,0
3627,8.47,15.37,0,0
3628,8.47,15.37,0,0
3629,8.47,15.37,0,0
3630,8.47,15.37,0,0
3631,8.47,15.37,0,0
3632,8.47,15.37,0,0
3633,8.47,15.37,0,0
3634,8.47,15.37,0,0
3635,8.47,15.37,0,0
3636,8.47,15.37,0,0
3637,8.47,15.37,0,0
3638,8.47,15.37,0,0
3639,8.47,15.37,0,0
3640,8.47,15.37,0,0
3641,8.47,15.37,0,0
3642,8.47,15.37,0,0
3643,8.47,15.37,0,0
3644,8.47,15.37,0,0
3645,8.47,15.37,0,0
3646,8.47,15.37,0,0
3647,8.47,15.37,0,0
3648,8.47,15.37,0,0
3649,8.47,15.37,0,0
3650,8.47,15.37,0,0
3651,8.47,15.37,0,0
3652,8.47,15.37,0,0
3653,8.47,15.37,0,0
3654,8.47,15.37,0,0
3655,8.47,15.37,0,0
3656,8.47,15.37,0,0
3657,8.47,15.37,0,0
3658,8.47,15.37,0,0
3659,8.47,15.37,0,0
3660,8.47,15.37,0,0
3661,8.47,15.37,0,0
3662,8.47,15.37,0,0
3663,8.47,15.37,0,0
3664,8.47,15.37,0,0
3665,8.47,15.37,0,0
3666,8.47,15.37,0,0
3667,8.47,15.37,0,0
3668,8.47,15.37,0,0
3669,8.47,15.37,0,0
3670,8.47,15.37,0,0
3671,8.47,15.37,0,0
3672,8.47,15.37,0,0
3673,8.47,15.37,0,0
3674,8.47,15.37,0,0
3675,8.47,15.37,0,0
3676,8.47,15.37,0,0
3677,8.47,15.37,0,0
3678,8.47,15.37,0,0
3679,8.47,15.37,0,0
3680,8.47,15.37,0,0
3681,8.47,15.37,0,0
3682,8.47,15.37,0,0
3683,8.47,15.37,0,0
3684,8.47,15.37,0,0
3685,8.47,15.37,0,0
3686,8.47,15.37,0,0
3687,8.47,15.37,0,0
3688,8.47,15.37,0,0
3689,8.47,15.37,0,0
3690,8.47,15.37,0,0
3691,8.47,15.37,0,0
3692,8.47,15.37,0,0
3693,8.47,15.37,0,0
3694,8.47,15.37,0,0
3695,8.47,15.37,0,0
3696,8.47,15.37,0,0
3697,8.47,15.37,0,0
3698,8.47,15.37,0,0
3699,8.47,15.37,0,0
3700,8.47,15.37,0,0
3701,8.47,15.37,0,0
3702,8.47,15.37,0,0
3703,8.47,15.37,0,0
3704,8.47,15.37,0,0
3705,8.47,15.37,0,0
3706,8.47,15.37,0,0
3707,8.47,15.37,0,0
3708,8.47,15.37,0,0
3709,8.47,15.37,0,0
3710,8.47,15.37,0,0
3711,8.47,15.37,0,0
3712,8.47,15.37,0,0
3713,8.47,15.37,0,0
3714,8.47,15.37,0,0
3715,8.47,15.37,0,0
3716,8.47,15.37,0,0
3717,8.47,15.37,0,0
3718,8.47,15.37,0,0
3719,8.47,15.37,0,0
3720,8.47,15.37,0,0
3721,8.47,15.37,0,0
3722,8.47,15.37,0,0
3723,8.47,15.37,0,0
3724,8.47,15.37,0,0
3725,8.47,15.37,0,0
3726,8.47,15.37,0,0
3727,8.47,15.37,0,0
3728,8.47,15.37,0,0
3729,8.47,15.37,0,0
3730,8.47,15.37,0,0
3731,8.47,15.37,0,0
3732,8.47,15.37,0,0
3733,8.47,15.37,0,0
3734,8.47,15.37,0,0
3735,8.47,15.37,0,0
3736,8.47,15.37,0,0
3737,8.47,15.37,0,0
3738,8.47,15.37,0,0
3739,8.47,15.37,0,0
3740,8.47,15.37,0,0
3741,8.47,15.37,0,0
3742,8.47,15.37,0,0
3743,8.47,15.37,0,0
3744,8.47,15.37,0,0
3745,8.47,15.37,0,0
3746,8.47,15.37,0,0
3747,8.47,15.37,0,0
3748,8.47,15.37,0,0
3749,8.47,15.37,0,0
3750,8.47,15.37,0,0
3751,8.47,15.37,0,0
3752,8.47,15.37,0,0
3753,8.47,15.37,0,0
3754,8.47,15.37,0,0
3755,8.47,15.37,0,0
3756,8.47,15.37,0,0
3757,8.47,15.37,0,0
3758,8.47,15.37,0,0
3759,8.47,15.37,0,0
3760,8.47,15.37,0,0
3761,8.47,15.37,0,0
3762,8.47,15.37,0,0
3763,8.47,15.37,0,0
3764,8.47,15.37,0,0
3765,8.47,15.37,0,0
3766,8.47,15.37,0,0
3767,8.47,15.37,0,0
3768,8.47,15.37,0,0
3769,8.47,15.37,0,0
3770,8.47,15.37,0,0
3771,8.47,15.37,0,0
3772,8.47,15.37,0,0
3773,8.47,15.37,0,0
3774,8.47,15.37,0,0
3775,8.47,15.37,0,0
3776,8.47,15.37,0,0
3777,8.47,15.37,0,0
3778,8.47,15.37,0,0
3779,8.47,15.37,0,0
3780,8.47,15.37,0,0
3781,8.47,15.37,0,0
3782,8.47,15.37,0,0
3783,8.47,15.37,0,0
3784,8.47,15.37,0,0
3785,8.47,15.37,0,0
3786,8.47,15.37,0,0
3787,8.47,15.37,0,0
3788,8.47,15.37,0,0
3789,8.47,15.37,0,0
3790,8.47,15.37,0,0
3791,8.47,15.37,0,0
3792,8.47,15.37,0,0
3793,8.47,15.37,0,0
3794,8.47,15.37,0,0
3795,8.47,15.37,0,0
3796,8.47,15.37,0,0
3797,8.47,15.37,0,0
3798,8.47,15.37,0,0
3799,8.47,15.37,0,0
3800,8.47,15.37,0,0
3801,8.47,15.37,0,0
3802,8.47,15.37,0,0
3803,8.47,15.37,0,0
3804,8.47,15.37,0,0
3805,8.47,15.37,0,0
3806,8.47,15.37,0,0
3807,8.47,15.37,0,0
3808,8.47,15.37,0,0
3809,8.47,15.37,0,0
3810,8.47,15.37,0,0
3811,8.47,15.37,0,0
3812,8.47,15.37,0,0
3813,8.47,15.37,0,0
3814,8.47,15.37,0,0
3815,8.47,15.37,0,0
3816,8.47,15.37,0,0
3817,8.47,15.37,0,0
3818,8.47,15.37,0,0
3819,8.47,15.37,0,0
3820,8.47,15.37,0,0
3821,8.47,15.37,0,0
3822,8.47,15.37,0,0
3823,8.47,15.37,0,0
3824,8.47,15.37,0,0
3825,8.47,15.37,0,0
3826,8.47,15.37,0,0
3827,8.47,15.37,0,0
3828,8.47,15.37,0,0
3829,8.47,15.37,0,0
3830,8.47,15.37,0,0
3831,8.47,15.37,0,0
3832,8.47,15.37,0,0
3833,8.47,15.37,0,0
3834,8.47,15.37,0,0
3835,8.47,15.37,0,0
3836,8.47,15.37,0,0
3837,8.47,15.37,0,0
3838,8.47,15.37,0,0
3839,8.47,15.37,0,0
3840,8.47,15.37,0,0
3841,8.47,15.37,0,0
3842,8.47,15.37,0,0
3843,8.47,15.37,0,0
3844,8.47,15.37,0,0
3845,8.47,15.37,0,0
3846,8.47,15.37,0,0
3847,8.47,15.37,0,0
3848,8.47,15.37,0,0
3849,8.47,15.37,0,0
3850,8.47,15.37,0,0
3851,8.47,15.37,0,0
3852,8.47,15.37,0,0
3853,8.47,15.37,0,0
3854,8.47,15.37,0,0
3855,8.47,15.37,0,0
3856,8.47,15.37,0,0
3857,8.47,15.37,0,0
3858,8.47,15.37,0,0
3859,8.47,15.37,0,0
3860,8.47,15.37,0,0
3861,8.47,15.37,0,0
3862,8.47,15.37,0,0
3863,8.47,15.37,0,0
3864,8.47,15.37,0,0
3865,8.47,15.37,0,0
3866,8.47,15.37,0,0
3867,8.47,15.37,0,0
3868,8.47,15.37,0,0
3869,8.47,15.37,0,0
3870,8.47,15.37,0,0
3871,8.47,15.37,0,0
3872,8.47,15.37,0,0
3873,8.47,15.37,0,0
3874,8.47,15.37,0,0
3875,8.47,15.37,0,0
3876,8.47,15.37,0,0
3877,8.47,15.37,0,0
3878,8.47,15.37,0,0
3879,8.47,15.37,0,0
3880,8.47,15.37,0,0
3881,8.47,15.37,0,0
3882,8.47,15.37,0,0
3883,8.47,15.37,0,0
3884,8.47,15.37,0,0
3885,8.47,15.37,0,0
3886,8.47,15.37,0,0
3887,8.47,15.37,0,0
3888,8.47,15.37,0,0
3889,8.47,15.37,0,0
3890,8.47,15.37,0,0
3891,8.47,15.37,0,0
3892,8.47,15.37,0,0
3893,8.47,15.37,0,0
3894,8.47,15.37,0,0
3895,8.47,15.37,0,0
3896,8.47,15.37,0,0
3897,8.47,15.37,0,0
3898,8.47,15.37,0,0
3899,8.47,15.37,0,0
3900,8.47,15.37,0,0
3901,8.47,15.37,0,0
3902,8.47,15.37,0,0
3903,8.47,15.37,0,0
3904,8.47,15.37,0,0
3905,8.47,15.37,0,0
3906,8.47,15.37,0,0
3907,8.47,15.37,0,0
3908,8.47,15.37,0,0
3909,8.47,15.37,0,0
3910,8.47,15.37,0,0
3911,8.47,15.37,0,0
3912,8.47,15.37,0,0
3913,8.47,15.37,0,0
3914,8.47,15.37,0,0
3915,8.47,15.37,0,0
3916,8.47,15.37,0,0
3917,8.47,15.37,0,0
3918,8.47,15.37,0,0
3919,8.47,15.37,0,0
3920,8.47,15.37,0,0
3921,8.47,15.37,0,0
3922,8.47,15.37,0,0
3923,8.47,15.37,0,0
3924,8.47,15.37,0,0
3925,8.47,15.37,0,0
3926,8.47,15.37,0,0
3927,8.47,15.37,0,0
3928,8.47,15.37,0,0
3929,8.47,15.37,0,0
3930,8.47,15.37,0,0
3931,8.47,15.37,0,0
3932,8.47,15.37,0,0
3933,8.47,15.37,0,0
3934,8.47,15.37,0,0
3935,8.47,15.37,0,0
3936,8.47,15.37,0,0
3937,8.47,15.37,0,0
3938,8.47,15.37,0,0
3939,8.47,15.37,0,0
3940,8.47,15.37,0,0
3941,8.47,15.37,0,0
3942,8.47,15.37,0,0
3943,8.47,15.37,0,0
3944,8.47,15.37,0,0
3945,8.47,15.37,0,0
3946,8.47,15.37,0,0
3947,8.47,15.37,0,0
3948,8.47,15.37,0,0
3949,8.47,15.37,0,0
3950,8.47,15.37,0,0
3951,8.47,15.37,0,0
3952,8.47,15.37,0,0
3953,8.47,15.37,0,0
3954,8.47,15.37,0,0
3955,8.47,15.37,0,0
3956,8.47,15.37,0,0
3957,8.47,15.37,0,0
3958,8.47,15.37,0,0
3959,8.47,15.37,0,0
3960,8.47,15.37,0,0
3961,8.47,15.37,0,0
3962,8.47,15.37,0,0
3963,8.47,15.37,0,0
3964,8.47,15.37,0,0
3965,8.47,15.37,0,0
3966,8.47,15.37,0,0
3967,8.47,15.37,0,0
3968,8.47,15.37,0,0
3969,8.47,15.37,0,0
3970,8.47,15.37,0,0
3971,8.47,15.37,0,0
3972,8.47,15.37,0,0
3973,8.47,15.37,0,0
3974,8.47,15.37,0,0
3975,8.47,15.37,0,0
3976,8.47,15.37,0,0
3977,8.47,15.37,0,0
3978,8.47,15.37,0,0
3979,8.47,15.37,0,0
3980,8.47,15.37,0,0
3981,8.47,15.37,0,0
3982,8.47,15.37,0,0
3983,8.47,15.37,0,0
3984,8.47,15.37,0,0
3985,8.47,15.37,0,0
3986,8.47,15.37,0,0
3987,8.47,15.37,0,0
3988,8.47,15.37,0,0
3989,8.47,15.37,0,0
3990,8.47,15.37,0,0
3991,8.47,15.37,0,0
3992,8.47,15.37,0,0
3993,8.47,15.37,0,0
3994,8.47,15.37,0,0
3995,8.47,15.37,0,0
3996,8.47,15.37,0,0
3997,8.47,15.37,0,0
3998,8.47,15.37,0,0
3999,8.47,15.37,0,0
4000,8.47,15.37,0,0
4001,8.47,15.37,0,0
4002,8.47,15.37,0,0
4003,8.47,15.37,0,0
4004,8.47,15.37,0,0
4005,8.47,15.37,0,0
4006,8.47,15.37,0,0
4007,8.47,15.37,0,0
4008,8.47,15.37,0,0
4009,8.47,15.37,0,0
4010,8.47,15.37,0,0
4011,8.47,15.37,0,0
4012,8.47,15.37,0,0
4013,8.47,15.37,0,0
4014,8.47,15.37,0,0
4015,8.47,15.37,0,0
4016,8.47,15.37,0,0
4017,8.47,15.37,0,0
4018,8.47,15.37,0,0
4019,8.47,15.37,0,0
4020,8.47,15.37,0,0
4021,8.47,15.37,0,0
4022,8.47,15.37,0,0
4023,8.47,15.37,0,0
4024,8.47,15.37,0,0
4025,8.47,15.37,0,0
4026,8.47,15.37,0,0
4027,8.47,15.37,0,0
4028,8.47,15.37,0,0
4029,8.47,15.37,0,0
4030,8.47,15.37,0,0
4031,8.47,15.37,0,0
4032,8.47,15.37,0,0
4033,8.47,15.37,0,0
4034,8.47,15.37,0,0
4035,8.47,15.37,0,0
4036,8.47,15.37,0,0
4037,8.47,15.37,0,0
4038,8.47,15.37,0,0
4039,8.47,15.37,0,0
4040,8.47,15.37,0,0
4041,8.47,15.37,0,0
4042,8.47,15.37,0,0
4043,8.47,15.37,0,0
4044,8.47,15.37,0,0
4045,8.47,15.37,0,0
4046,8.47,15.37,0,0
4047,8.47,15.37,0,0
4048,8.47,15.37,0,0
4049,8.47,15.37,0,0
4050,8.47,15.37,0,0
4051,8.47,15.37,0,0
4052,8.47,15.37,0,0
4053,8.47,15.37,0,0
4054,8.47,15.37,0,0
4055,8.47,15.37,0,0
4056,8.47,15.37,0,0
4057,8.47,15.37,0,0
4058,8.47,15.37,0,0
4059,8.47,15.37,0,0
4060,8.47,15.37,0,0
4061,8.47,15.37,0,0
4062,8.47,15.37,0,0
4063,8.47,15.37,0,0
4064,8.47,15.37,0,0
4065,8.47,15.37,0,0
4066,8.47,15.37,0,0
4067,8.47,15.37,0,0
4068,8.47,15.37,0,0
4069,8.47,15.37,0,0
4070,8.47,15.37,0,0
4071,8.47,15.37,0,0
4072,8.47,15.37,0,0
4073,8.47,15.37,0,0
4074,8.47,15.37,0,0
4075,8.47,15.37,0,0
4076,8.47,15.37,0,0
4077,8.47,15.37,0,0
4078,8.47,15.37,0,0
4079,8.47,15.37,0,0
4080,8.47,15.37,0,0
4081,8.47,15.37,0,0
4082,8.47,15.37,0,0
4083,8.47,15.37,0,0
4084,8.47,15.37,0,0
4085,8.47,15.37,0,0
4086,8.47,15.37,0,0
4087,8.47,15.37,0,0
4088,8.47,15.37,0,0
4089,8.47,15.37,0,0
4090,8.47,15.37,0,0
4091,8.47,15.37,0,0
4092,8.47,15.37,0,0
4093,8.47,15.37,0,0
4094,8.47,15.37,0,0
4095,8.47,15.37,0,0
4096,8.47,15.37,0,0
4097,8.47,15.37,0,0
4098,8.47,15.37,0,0
4099,8.47,15.37,0,0
4100,8.47,15.37,0,0
4101,8.47,15.37,0,0
4102,8.47,15.37,0,0
4103,8.47,15.37,0,0
4104,8.47,15.37,0,0
4105,8.47,15.37,0,0
4106,8.47,15.37,0,0
4107,8.47,15.37,0,0
4108,8.47,15.37,0,0
4109,8.47,15.37,0,0
4110,8.47,15.37,0,0
4111,8.47,15.37,0,0
4112,8.47,15.37,0,0
4113,8.47,15.37,0,0
4114,8.47,15.37,0,0
4115,8.47,15.37,0,0
4116,8.47,15.37,0,0
4117,8.47,15.37,0,0
4118,8.47,15.37,0,0
4119,8.47,15.37,0,0
4120,8.47,15.37,0,0
4121,8.47,15.37,0,0
4122,8.47,15.37,0,0
4123,8.47,15.37,0,0
4124,8.47,15.37,0,0
4125,8.47,15.37,0,0
4126,8.47,15.37,0,0
4127,8.47,15.37,0,0
4128,8.47,15.37,0,0
4129,8.47,15.37,0,0
4130,8.47,15.37,0,0
4131,8.47,15.37,0,0
4132,8.47,15.37,0,0
4133,8.47,15.37,0,0
4134,8.47,15.37,0,0
4135,8.47,15.37,0,0
4136,8.47,15.37,0,0
4137,8.47,15.37,0,0
4138,8.47,15.37,0,0
4139,8.47,15.37,0,0
4140,8.47,15.37,0,0
4141,8.47,15.37,0,0
4142,8.47,15.37,0,0
4143,8.47,15.37,0,0
4144,8.47,15.37,0,0
4145,8.47,15.37,0,0
4146,8.47,15.37,0,0
4147,8.47,15.37,0,0
4148,8.47,15.37,0,0
4149,8.47,15.37,0,0
4150,8.47,15.37,0,0
4151,8.47,15.37,0,0
4152,8.47,15.37,0,0
4153,8.47,15.37,0,0
4154,8.47,15.37,0,0
4155,8.47,15.37,0,0
4156,8.47,15.37,0,0
4157,8.47,15.37,0,0
4158,8.47,15.37,0,0
4159,8.47,15.37,0,0
4160,8.47,15.37,0,0
4161,8.47,15.37,0,0
4162,8.47,15.37,0,0
4163,8.47,15.37,0,0
4164,8.47,15.37,0,0
4165,8.47,15.37,0,0
4166,8.47,15.37,0,0
4167,8.47,15.37,0,0
4168,8.47,15.37,0,0
4169,8.47,15.37,0,0
4170,8.47,15.37,0,0
4171,8.47,15.37,0,0
4172,8.47,15.37,0,0
4173,8.47,15.37,0,0
4174,8.47,15.37,0,0
4175,8.47,15.37,0,0
4176,8.47,15.37,0,0
4177,8.47,15.37,0,0
4178,8.47,15.37,0,0
4179,8.47,15.37,0,0
4180,8.47,15.37,0,0
4181,8.47,15.37,0,0
4182,8.47,15.37,0,0
4183,8.47,15.37,0,0
4184,8.47,15.37,0,0
4185,8.47,15.37,0,0
4186,8.47,15.37,0,0
4187,8.47,15.37,0,0
4188,8.47,15.37,0,0
4189,8.47,15.37,0,0
4190,8.47,15.37,0,0
4191,8.47,15.37,0,0
4192,8.47,15.37,0,0
4193,8.47,15.37,0,0
4194,8.47,15.37,0,0
4195,8.47,15.37,0,0
4196,8.47,15.37,0,0
4197,8.47,15.37,0,0
4198,8.47,15.37,0,0
4199,8.47,15.37,0,0
4200,8.47,15.37,0,0
4201,8.47,15.37,0,0
4202,8.47,15.37,0,0
4203,8.47,15.37,0,0
4204,8.47,15.37,0,0
4205,8.47,15.37,0,0
4206,8.47,15.37,0,0
4207,8.47,15.37,0,0
4208,8.47,15.37,0,0
4209,8.47,15.37,0,0
4210,8.47,15.37,0,0
4211,8.47,15.37,0,0
4212,8.47,15.37,0,0
4213,8.47,15.37,0,0
4214,8.47,15.37,0,0
4215,8.47,15.37,0,0
4216,8.47,15.37,0,0
4217,8.47,15.37,0,0
4218,8.47,15.37,0,0
4219,8.47,15.37,0,0
4220,8.47,15.37,0,0
4221,8.47,15.37,0,0
4222,8.47,15.37,0,0
4223,8.47,15.37,0,0
4224,8.47,15.37,0,0
4225,8.47,15.37,0,0
4226,8.47,15.37,0,0
4227,8.47,15.37,0,0
4228,8.47,15.37,0,0
4229,8.47,15.37,0,0
4230,8.47,15.37,0,0
4231,8.47,15.37,0,0
4232,8.47,15.37,0,0
4233,8.47,15.37,0,0
4234,8.47,15.37,0,0
4235,8.47,15.37,0,0
4236,8.47,15.37,0,0
4237,8.47,15.37,0,0
4238,8.47,15.37,0,0
4239,8.47,15.37,0,0
4240,8.47,15.37,0,0
4241,8.47,15.37,0,0
4242,8.47,15.37,0,0
4243,8.47,15.37,0,0
4244,8.47,15.37,0,0
4245,8.47,15.37,0,0
4246,8.47,15.37,0,0
4247,8.47,15.37,0,0
4248,8.47,15.37,0,0
4249,8.47,15.37,0,0
4250,8.47,15.37,0,0
4251,8.47,15.37,0,0
4252,8.47,15.37,0,0
4253,8.47,15.37,0,0
4254,8.47,15.37,0,0
4255,8.47,15.37,0,0
4256,8.47,15.37,0,0
4257,8.47,15.37,0,0
4258,8.47,15.37,0,0
4259,8.47,15.37,0,0
4260,8.47,15.37,0,0
4261,8.47,15.37,0,0
4262,8.47,15.37,0,0
4263,8.47,15.37,0,0
4264,8.47,15.37,0,0
4265,8.47,15.37,0,0
4266,8.47,15.37,0,0
4267,8.47,15.37,0,0
4268,8.47,15.37,0,0
4269,8.47,15.37,0,0
4270,8.47,15.37,0,0
4271,8.47,15.37,0,0
4272,8.47,15.37,0,0
4273,8.47,15.37,0,0
4274,8.47,15.37,0,0
4275,8.47,15.37,0,0
4276,8.47,15.37,0,0
4277,8.47,15.37,0,0
4278,8.47,15.37,0,0
4279,8.47,15.37,0,0
4280,8.47,15.37,0,0
4281,8.47,15.37,0,0
4282,8.47,15.37,0,0
4283,8.47,15.37,0,0
4284,8.47,15.37,0,0
4285,8.47,15.37,0,0
4286,8.47,15.37,0,0
4287,8.47,15.37,0,0
4288,8.47,15.37,0,0
4289,8.47,15.37,0,0
4290,8.47,15.37,0,0
4291,8.47,15.37,0,0
4292,8.47,15.37,0,0
4293,8.47,15.37,0,0
4294,8.47,15.37,0,0
4295,8.47,15.37,0,0
4296,8.47,15.37,0,0
4297,8.47,15.37,0,0
4298,8.47,15.37,0,0
4299,8.47,15.37,0,0
4300,8.47,15.37,0,0
4301,8.47,15.37,0,0
4302,8.47,15.37,0,0
4303,8.47,15.37,0,0
4304,8.47,15.37,0,0
4305,8.47,15.37,0,0
4306,8.47,15.37,0,0
4307,8.47,15.37,0,0
4308,8.47,15.37,0,0
4309,8.47,15.37,0,0
4310,8.47,15.37,0,0
4311,8.47,15.37,0,0
4312,8.47,15.37,0,0
4313,8.47,15.37,0,0
4314,8.47,15.37,0,0
4315,8.47,15.37,0,0
4316,8.47,15.37,0,0
4317,8.47,15.37,0,0
4318,8.47,15.37,0,0
4319,8.47,15.37,0,0
4320,8.47,15.37,0,0
4321,8.47,15.37,0,0
4322,8.47,15.37,0,0
4323,8.47,15.37,0,0
4324,8.47,15.37,0,0
4325,8.47,15.37,0,0
4326,8.47,15.37,0,0
4327,8.47,15.37,0,0
4328,8.47,15.37,0,0
4329,8.47,15.37,0,0
4330,8.47,15.37,0,0
4331,8.47,15.37,0,0
4332,8.47,15.37,0,0
4333,8.47,15.37,0,0
4334,8.47,15.37,0,0
4335,8.47,15.37,0,0
4336,8.47,15.37,0,0
4337,8.47,15.37,0,0
4338,8.47,15.37,0,0
4339,8.47,15.37,0,0
4340,8.47,15.37,0,0
4341,8.47,15.37,0,0
4342,8.47,15.37,0,0
4343,8.47,15.37,0,0
4344,8.47,15.37,0,0
4345,8.47,15.37,0,0
4346,8.47,15.37,0,0
4347,8.47,15.37,0,0
4348,8.47,15.37,0,0
4349,8.47,15.37,0,0
4350,8.47,15.37,0,0
4351,8.47,15.37,0,0
4352,8.47,15.37,0,0
4353,8.47,15.37,0,0
4354,8.47,15.37,0,0
4355,8.47,15.37,0,0
4356,8.47,15.37,0,0
4357,8.47,15.37,0,0
4358,8.47,15.37,0,0
4359,8.47,15.37,0,0
4360,8.47,15.37,0,0
4361,8.47,15.37,0,0
4362,8.47,15.37,0,0
4363,8.47,15.37,0,0
4364,8.47,15.37,0,0
4365,8.47,15.37,0,0
4366,8.47,15.37,0,0
4367,8.47,15.37,0,0
4368,8.47,15.37,0,0
4369,8.47,15.37,0,0
4370,8.47,15.37,0,0
4371,8.47,15.37,0,0
4372,8.47,15.37,0,0
4373,8.47,15.37,0,0
4374,8.47,15.37,0,0
4375,8.47,15.37,0,0
4376,8.47,15.37,0,0
4377,8.47,15.37,0,0
4378,8.47,15.37,0,0
4379,8.47,15.37,0,0
4380,8.47,15.37,0,0
4381,8.47,15.37,0,0
4382,8.47,15.37,0,0
4383,8.47,15.37,0,0
4384,8.47,15.37,0,0
4385,8.47,15.37,0,0
4386,8.47,15.37,0,0
4387,8.47,15.37,0,0
4388,8.47,15.37,0,0
4389,8.47,15.37,0,0
4390,8.47,15.37,0,0
4391,8.47,15.37,0,0
4392,8.47,15.37,0,0
4393,8.47,15.37,0,0
4394,8.47,15.37,0,0
4395,8.47,15.37,0,0
4396,8.47,15.37,0,0
4397,8.47,15.37,0,0
4398,8.47,15.37,0,0
4399,8.47,15.37,0,0
4400,8.47,15.37,0,0
4401,8.47,15.37,0,0
4402,8.47,15.37,0,0
4403,8.47,15.37,0,0
4404,8.47,15.37,0,0
4405,8.47,15.37,0,0
4406,8.47,15.37,0,0
4407,8.47,15.37,0,0
4408,8.47,15.37,0,0
4409,8.47,15.37,0,0
4410,8.47,15.37,0,0
4411,8.47,15.37,0,0
4412,8.47,15.37,0,0
4413,8.47,15.37,0,0
4414,8.47,15.37,0,0
4415,8.47,15.37,0,0
4416,8.47,15.37,0,0
4417,8.47,15.37,0,0
4418,8.47,15.37,0,0
4419,8.47,15.37,0,0
4420,8.47,15.37,0,0
4421,8.47,15.37,0,0
4422,8.47,15.37,0,0
4423,8.47,15.37,0,0
4424,8.47,15.37,0,0
4425,8.47,15.37,0,0
4426,8.47,15.37,0,0
4427,8.47,15.37,0,0
4428,8.47,15.37,0,0
4429,8.47,15.37,0,0
4430,8.47,15.37,0,0
4431,8.47,15.37,0,0
4432,8.47,15.37,0,0
4433,8.47,15.37,0,0
4434,8.47,15.37,0,0
4435,8.47,15.37,0,0
4436,8.47,15.37,0,0
4437,8.47,15.37,0,0
4438,8.47,15.37,0,0
4439,8.47,15.37,0,0
4440,8.47,15.37,0,0
4441,8.47,15.37,0,0
4442,8.47,15.37,0,0
4443,8.47,15.37,0,0
4444,8.47,15.37,0,0
4445,8.47,15.37,0,0
4446,8.47,15.37,0,0
4447,8.47,15.37,0,0
4448,8.47,15.37,0,0
4449,8.47,15.37,0,0
4450,8.47,15.37,0,0
4451,8.47,15.37,0,0
4452,8.47,15.37,0,0
4453,8.47,15.37,0,0
4454,8.47,15.37,0,0
4455,8.47,15.37,0,0
4456,8.47,15.37,0,0
4457,8.47,15.37,0,0
4458,8.47,15.37,0,0
4459,8.47,15.37,0,0
4460,8.47,15.37,0,0
4461,8.47,15.37,0,0
4462,8.47,15.37,0,0
4463,8.47,15.37,0,0
4464,8.47,15.37,0,0
4465,8.47,15.37,0,0
4466,8.47,15.37,0,0
4467,8.47,15.37,0,0
4468,8.47,15.37,0,0
4469,8.47,15.37,0,0
4470,8.47,15.37,0,0
4471,8.47,15.37,0,0
4472,8.47,15.37,0,0
4473,8.47,15.37,0,0
4474,8.47,15.37,0,0
4475,8.47,15.37,0,0
4476,8.47,15.37,0,0
4477,8.47,15.37,0,0
4478,8.47,15.37,0,0
4479,8.47,15.37,0,0
4480,8.47,15.37,0,0
4481,8.47,15.37,0,0
4482,8.47,15.37,0,0
4483,8.47,15.37,0,0
4484,8.47,15.37,0,0
4485,8.47,15.37,0,0
4486,8.47,15.37,0,0
4487,8.47,15.37,0,0
4488,8.47,15.37,0,0
4489,8.47,15.37,0,0
4490,8.47,15.37,0,0
4491,8.47,15.37,0,0
4492,8.47,15.37,0,0
4493,8.47,15.37,0,0
4494,8.47,15.37,0,0
4495,8.47,15.37,0,0
4496,8.47,15.37,0,0
4497,8.47,15.37,0,0
4498,8.47,15.37,0,0
4499,8.47,15.37,0,0
4500,8.47,15.37,0,0
4501,8.47,15.37,0,0
4502,8.47,15.37,0,0
4503,8.47,15.37,0,0
4504,8.47,15.37,0,0
4505,8.47,15.37,0,0
4506,8.47,15.37,0,0
4507,8.47,15.37,0,0
4508,8.47,15.37,0,0
4509,8.47,15.37,0,0
4510,8.47,15.37,0,0
4511,8.47,15.37,0,0
4512,8.47,15.37,0,0
4513,8.47,15.37,0,0
4514,8.47,15.37,0,0
4515,8.47,15.37,0,0
4516,8.47,15.37,0,0
4517,8.47,15.37,0,0
4518,8.47,15.37,0,0
4519,8.47,15.37,0,0
4520,8.47,15.37,0,0
4521,8.47,15.37,0,0
4522,8.47,15.37,0,0
4523,8.47,15.37,0,0
4524,8.47,15.37,0,0
4525,8.47,15.37,0,0
4526,8.47,15.37,0,0
4527,8.47,15.37,0,0
4528,8.47,15.37,0,0
4529,8.47,15.37,0,0
4530,8.47,15.37,0,0
4531,8.47,15.37,0,0
4532,8.47,15.37,0,0
4533,8.47,15.37,0,0
4534,8.47,15.37,0,0
4535,8.47,15.37,0,0
4536,8.47,15.37,0,0
4537,8.47,15.37,0,0
4538,8.47,15.37,0,0
4539,8.47,15.37,0,0
4540,8.47,15.37,0,0
4541,8.47,15.37,0,0
4542,8.47,15.37,0,0
4543,8.47,15.37,0,0
4544,8.47,15.37,0,0
4545,8.47,15.37,0,0
4546,8.47,15.37,0,0
4547,8.47,15.37,0,0
4548,8.47,15.37,0,0
4549,8.47,15.37,0,0
4550,8.47,15.37,0,0
4551,8.47,15.37,0,0
4552,8.47,15.37,0,0
4553,8.47,15.37,0,0
4554,8.47,15.37,0,0
4555,8.47,15.37,0,0
4556,8.47,15.37,0,0
4557,8.47,15.37,0,0
4558,8.47,15.37,0,0
4559,8.47,15.37,0,0
4560,8.47,15.37,0,0
4561,8.47,15.37,0,0
4562,8.47,15.37,0,0
4563,8.47,15.37,0,0
4564,8.47,15.37,0,0
4565,8.47,15.37,0,0
4566,8.47,15.37,0,0
4567,8.47,15.37,0,0
4568,8.47,15.37,0,0
4569,8.47,15.37,0,0
4570,8.47,15.37,0,0
4571,8.47,15.37,0,0
4572,8.47,15.37,0,0
4573,8.47,15.37,0,0
4574,8.47,15.37,0,0
4575,8.47,15.37,0,0
4576,8.47,15.37,0,0
4577,8.47,15.37,0,0
4578,8.47,15.37,0,0
4579,8.47,15.37,0,0
4580,8.47,15.37,0,0
4581,8.47,15.37,0,0
4582,8.47,15.37,0,0
4583,8.47,15.37,0,0
4584,8.47,15.37,0,0
4585,8.47,15.37,0,0
4586,8.47,15.37,0,0
4587,8.47,15.37,0,0
4588,8.47,15.37,0,0
4589,8.47,15.37,0,0
4590,8.47,15.37,0,0
4591,8.47,15.37,0,0
4592,8.47,15.37,0,0
4593,8.47,15.37,0,0
4594,8.47,15.37,0,0
4595,8.47,15.37,0,0
4596,8.47,15.37,0,0
4597,8.47,15.37,0,0
4598,8.47,15.37,0,0
4599,8.47,15.37,0,0
4600,8.47,15.37,0,0
4601,8.47,15.37,0,0
4602,8.47,15.37,0,0
4603,8.47,15.37,0,0
4604,8.47,15.37,0,0
4605,8.47,15.37,0,0
4606,8.47,15.37,0,0
4607,8.47,15.37,0,0
4608,8.47,15.37,0,0
4609,8.47,15.37,0,0
4610,8.47,15.37,0,0
4611,8.47,15.37,0,0
4612,8.47,15.37,0,0
4613,8.47,15.37,0,0
4614,8.47,15.37,0,0
4615,8.47,15.37,0,0
4616,8.47,15.37,0,0
4617,8.47,15.37,0,0
4618,8.47,15.37,0,0
4619,8.47,15.37,0,0
4620,8.47,15.37,0,0
4621,8.47,15.37,0,0
4622,8.47,15.37,0,0
4623,8.47,15.37,0,0
4624,8.47,15.37,0,0
4625,8.47,15.37,0,0
4626,8.47,15.37,0,0
4627,8.47,15.37,0,0
4628,8.47,15.37,0,0
4629,8.47,15.37,0,0
4630,8.47,15.37,0,0
4631,8.47,15.37,0,0
4632,8.47,15.37,0,0
4633,8.47,15.37,0,0
4634,8.47,15.37,0,0
4635,8.47,15.37,0,0
4636,8.47,15.37,0,0
4637,8.47,15.37,0,0
4638,8.47,15.37,0,0
4639,8.47,15.37,0,0
4640,8.47,15.37,0,0
4641,8.47,15.37,0,0
4642,8.47,15.37,0,0
4643,8.47,15.37,0,0
4644,8.47,15.37,0,0
4645,8.47,15.37,0,0
4646,8.47,15.37,0,0
4647,8.47,15.37,0,0
4648,8.47,15.37,0,0
4649,8.47,15.37,0,0
4650,8.47,15.37,0,0
4651,8.47,15.37,0,0
4652,8.47,15.37,0,0
4653,8.47,15.37,0,0
4654,8.47,15.37,0,0
4655,8.47,15.37,0,0
4656,8.47,15.37,0,0
4657,8.47,15.37,0,0
4658,8.47,15.37,0,0
4659,8.47,15.37,0,0
4660,8.47,15.37,0,0
4661,8.47,15.37,0,0
4662,8.47,15.37,0,0
4663,8.47,15.37,0,0
4664,8.47,15.37,0,0
4665,8.47,15.37,0,0
4666,8.47,15.37,0,0
4667,8.47,15.37,0,0
4668,8.47,15.37,0,0
4669,8.47,15.37,0,0
4670,8.47,15.37,0,0
4671,8.47,15.37,0,0
4672,8.47,15.37,0,0
4673,8.47,15.37,0,0
4674,8.47,15.37,0,0
4675,8.47,15.37,0,0
4676,8.47,15.37,0,0
4677,8.47,15.37,0,0
4678,8.47,15.37,0,0
4679,8.47,15.37,0,0
4680,8.47,15.37,0,0
4681,8.47,15.37,0,0
4682,8.47,15.37,0,0
4683,8.47,15.37,0,0
4684,8.47,15.37,0,0
4685,8.47,15.37,0,0
4686,8.47,15.37,0,0
4687,8.47,15.37,0,0
4688,8.47,15.37,0,0
4689,8.47,15.37,0,0
4690,8.47,15.37,0,0
4691,8.47,15.37,0,0
4692,8.47,15.37,0,0
4693,8.47,15.37,0,0
4694,8.47,15.37,0,0
4695,8.47,15.37,0,0
4696,8.47,15.37,0,0
4697,8.47,15.37,0,0
4698,8.47,15.37,0,0
4699,8.47,15.37,0,0
4700,8.47,15.37,0,0
4701,8.47,15.37,0,0
4702,8.47,15.37,0,0
4703,8.47,15.37,0,0
4704,8.47,15.37,0,0
4705,8.47,15.37,0,0
4706,8.47,15.37,0,0
4707,8.47,15.37,0,0
4708,8.47,15.37,0,0
4709,8.47,15.37,0,0
4710,8.47,15.37,0,0
4711,8.47,15.37,0,0
4712,8.47,15.37,0,0
4713,8.47,15.37,0,0
4714,8.47,15.37,0,0
4715,8.47,15.37,0,0
4716,8.47,15.37,0,0
4717,8.47,15.37,0,0
4718,8.47,15.37,0,0
4719,8.47,15.37,0,0
4720,8.47,15.37,0,0
4721,8.47,15.37,0,0
4722,8.47,15.37,0,0
4723,8.47,15.37,0,0
4724,8.47,15.37,0,0
4725,8.47,15.37,0,0
4726,8.47,15.37,0,0
4727,8.47,15.37,0,0
4728,8.47,15.37,0,0
4729,8.47,15.37,0,0
4730,8.47,15.37,0,0
4731,8.47,15.37,0,0
4732,8.47,15.37,0,0
4733,8.47,15.37,0,0
4734,8.47,15.37,0,0
4735,8.47,15.37,0,0
4736,8.47,15.37,0,0
4737,8.47,15.37,0,0
4738,8.47,15.37,0,0
4739,8.47,15.37,0,0
4740,8.47,15.37,0,0
4741,8.47,15.37,0,0
4742,8.47,15.37,0,0
4743,8.47,15.37,0,0
4744,8.47,15.37,0,0
4745,8.47,15.37,0,0
4746,8.47,15.37,0,0
4747,8.47,15.37,0,0
4748,8.47,15.37,0,0
4749,8.47,15.37,0,0
4750,8.47,15.37,0,0
4751,8.47,15.37,0,0
4752,8.47,15.37,0,0
4753,8.47,15.37,0,0
4754,8.47,15.37,0,0
4755,8.47,15.37,0,0
4756,8.47,15.37,0,0
4757,8.47,15.37,0,0
4758,8.47,15.37,0,0
4759,8.47,15.37,0,0
4760,8.47,15.37,0,0
4761,8.47,15.37,0,0
4762,8.47,15.37,0,0
4763,8.47,15.37,0,0
4764,8.47,15.37,0,0
4765,8.47,15.37,0,0
4766,8.47,15.37,0,0
4767,8.47,15.37,0,0
4768,8.47,15.37,0,0
4769,8.47,15.37,0,0
4770,8.47,15.37,0,0
4771,8.47,15.37,0,0
4772,8.47,15.37,0,0
4773,8.47,15.37,0,0
4774,8.47,15.37,0,0
4775,8.47,15.37,0,0
4776,8.47,15.37,0,0
4777,8.47,15.37,0,0
4778,8.47,15.37,0,0
4779,8.47,15.37,0,0
4780,8.47,15.37,0,0
4781,8.47,15.37,0,0
4782,8.47,15.37,0,0
4783,8.47,15.37,0,0
4784,8.47,15.37,0,0
4785,8.47,15.37,0,0
4786,8.47,15.37,0,0
4787,8.47,15.37,0,0
4788,8.47,15.37,0,0
4789,8.47,15.37,0,0
4790,8.47,15.37,0,0
4791,8.47,15.37,0,0
4792,8.47,15.37,0,0
4793,8.47,15.37,0,0
4794,8.47,15.37,0,0
4795,8.47,15.37,0,0
4796,8.47,15.37,0,0
4797,8.47,15.37,0,0
4798,8.47,15.37,0,0
4799,8.47,15.37,0,0
4800,8.47,15.37,0,0
4801,8.47,15.37,0,0
4802,8.47,15.37,0,0
4803,8.47,15.37,0,0
4804,8.47,15.37,0,0
4805,8.47,15.37,0,0
4806,8.47,15.37,0,0
4807,8.47,15.37,0,0
4808,8.47,15.37,0,0
4809,8.47,15.37,0,0
4810,8.47,15.37,0,0
4811,8.47,15.37,0,0
4812,8.47,15.37,0,0
4813,8.47,15.37,0,0
4814,8.47,15.37,0,0
4815,8.47,15.37,0,0
4816,8.47,15.37,0,0
4817,8.47,15.37,0,0
4818,8.47,15.37,0,0
4819,8.47,15.37,0,0
4820,8.47,15.37,0,0
4821,8.47,15.37,0,0
4822,8.47,15.37,0,0
4823,8.47,15.37,0,0
4824,8.47,15.37,0,0
4825,8.47,15.37,0,0
4826,8.47,15.37,0,0
4827,8.47,15.37,0,0
4828,8.47,15.37,0,0
4829,8.47,15.37,0,0
4830,8.47,15.37,0,0
4831,8.47,15.37,0,0
4832,8.47,15.37,0,0
4833,8.47,15.37,0,0
4834,8.47,15.37,0,0
4835,8.47,15.37,0,0
4836,8.47,15.37,0,0
4837,8.47,15.37,0,0
4838,8.47,15.37,0,0
4839,8.47,15.37,0,0
4840,8.47,15.37,0,0
4841,8.47,15.37,0,0
4842,8.47,15.37,0,0
4843,8.47,15.37,0,0
4844,8.47,15.37,0,0
4845,8.47,15.37,0,0
4846,8.47,15.37,0,0
4847,8.47,15.37,0,0
4848,8.47,15.37,0,0
4849,8.47,15.37,0,0
4850,8.47,15.37,0,0
4851,8.47,15.37,0,0
4852,8.47,15.37,0,0
4853,8.47,15.37,0,0
4854,8.47,15.37,0,0
4855,8.47,15.37,0,0
4856,8.47,15.37,0,0
4857,8.47,15.37,0,0
4858,8.47,15.37,0,0
4859,8.47,15.37,0,0
4860,8.47,15.37,0,0
4861,8.47,15.37,0,0
4862,8.47,15.37,0,0
4863,8.47,15.37,0,0
4864,8.47,15.37,0,0
4865,8.47,15.37,0,0
4866,8.47,15.37,0,0
4867,8.47,15.37,0,0
4868,8.47,15.37,0,0
4869,8.47,15.37,0,0
4870,8.47,15.37,0,0
4871,8.47,15.37,0,0
4872,8.47,15.37,0,0
4873,8.47,15.37,0,0
4874,8.47,15.37,0,0
4875,8.47,15.37,0,0
4876,8.47,15.37,0,0
4877,8.47,15.37,0,0
4878,8.47,15.37,0,0
4879,8.47,15.37,0,0
4880,8.47,15.37,0,0
4881,8.47,15.37,0,0
4882,8.47,15.37,0,0
4883,8.47,15.37,0,0
4884,8.47,15.37,0,0
4885,8.47,15.37,0,0
4886,8.47,15.37,0,0
4887,8.47,15.37,0,0
4888,8.47,15.37,0,0
4889,8.47,15.37,0,0
4890,8.47,15.37,0,0
4891,8.47,15.37,0,0
4892,8.47,15.37,0,0
4893,8.47,15.37,0,0
4894,8.47,15.37,0,0
4895,8.47,15.37,0,0
4896,8.47,15.37,0,0
4897,8.47,15.37,0,0
4898,8.47,15.37,0,0
4899,8.47,15.37,0,0
4900,8.47,15.37,0,0
4901,8.47,15.37,0,0
4902,8.47,15.37,0,0
4903,8.47,15.37,0,0
4904,8.47,15.37,0,0
4905,8.47,15.37,0,0
4906,8.47,15.37,0,0
4907,8.47,15.37,0,0
4908,8.47,15.37,0,0
4909,8.47,15.37,0,0
4910,8.47,15.37,0,0
4911,8.47,15.37,0,0
4912,8.47,15.37,0,0
4913,8.47,15.37,0,0
4914,8.47,15.37,0,0
4915,8.47,15.37,0,0
4916,8.47,15.37,0,0
4917,8.47,15.37,0,0
4918,8.47,15.37,0,0
4919,8.47,15.37,0,0
4920,8.47,15.37,0,0
4921,8.47,15.37,0,0
4922,8.47,15.37,0,0
4923,8.47,15.37,0,0
4924,8.47,15.37,0,0
4925,8.47,15.37,0,0
4926,8.47,15.37,0,0
4927,8.47,15.37,0,0
4928,8.47,15.37,0,0
4929,8.47,15.37,0,0
4930,8.47,15.37,0,0
4931,8.47,15.37,0,0
4932,8.47,15.37,0,0
4933,8.47,15.37,0,0
4934,8.47,15.37,0,0
4935,8.47,15.37,0,0
4936,8.47,15.37,0,0
4937,8.47,15.37,0,0
4938,8.47,15.37,0,0
4939,8.47,15.37,0,0
4940,8.47,15.37,0,0
4941,8.47,15.37,0,0
4942,8.47,15.37,0,0
4943,8.47,15.37,0,0
4944,8.47,15.37,0,0
4945,8.47,15.37,0,0
4946,8.47,15.37,0,0
4947,8.47,15.37,0,0
4948,8.47,15.37,0,0
4949,8.47,15.37,0,0
4950,8.47,15.37,0,0
4951,8.47,15.37,0,0
4952,8.47,15.37,0,0
4953,8.47,15.37,0,0
4954,8.47,15.37,0,0
4955,8.47,15.37,0,0
4956,8.47,15.37,0,0
4957,8.47,15.37,0,0
4958,8.47,15.37,0,0
4959,8.47,15.37,0,0
4960,8.47,15.37,0,0
4961,8.47,15.37,0,0
4962,8.47,15.37,0,0
4963,8.47,15.37,0,0
4964,8.47,15.37,0,0
4965,8.47,15.37,0,0
4966,8.47,15.37,0,0
4967,8.47,15.37,0,0
4968,8.47,15.37,0,0
4969,8.47,15.37,0,0
4970,8.47,15.37,0,0
4971,8.47,15.37,0,0
4972,8.47,15.37,0,0
4973,8.47,15.37,0,0
4974,8.47,15.37,0,0
4975,8.47,15.37,0,0
4976,8.47,15.37,0,0
4977,8.47,15.37,0,0
4978,8.47,15.37,0,0
4979,8.47,15.37,0,0
4980,8.47,15.37,0,0
4981,8.47,15.37,0,0
4982,8.47,15.37,0,0
4983,8.47,15.37,0,0
4984,8.47,15.37,0,0
4985,8.47,15.37,0,0
4986,8.47,15.37,0,0
4987,8.47,15.37,0,0
4988,8.47,15.37,0,0
4989,8.47,15.37,0,0
4990,8.47,15.37,0,0
4991,8.47,15.37,0,0
4992,8.47,15.37,0,0
4993,8.47,15.37,0,0
4994,8.47,15.37,0,0
4995,8.47,15.37,0,0
4996,8.47,15.37,0,0
4997,8.47,15.37,0,0
4998,8.47,15.37,0,0
4999,8.47,15.37,0,0
5000,8.47,15.37,0,0
